"GEOID","NAME","TotalE","TotalM","year"
"51001","Accomack County, Virginia",34066,NA,2010
"51003","Albemarle County, Virginia",96633,NA,2010
"51005","Alleghany County, Virginia",16406,NA,2010
"51007","Amelia County, Virginia",12517,NA,2010
"51009","Amherst County, Virginia",32315,NA,2010
"51011","Appomattox County, Virginia",14653,NA,2010
"51013","Arlington County, Virginia",197467,NA,2010
"51015","Augusta County, Virginia",73201,NA,2010
"51017","Bath County, Virginia",4779,NA,2010
"51019","Bedford County, Virginia",67697,NA,2010
"51021","Bland County, Virginia",6873,NA,2010
"51023","Botetourt County, Virginia",32867,NA,2010
"51025","Brunswick County, Virginia",17707,NA,2010
"51027","Buchanan County, Virginia",24459,NA,2010
"51029","Buckingham County, Virginia",16874,NA,2010
"51031","Campbell County, Virginia",54174,NA,2010
"51033","Caroline County, Virginia",27844,NA,2010
"51035","Carroll County, Virginia",29985,NA,2010
"51036","Charles City County, Virginia",7205,NA,2010
"51037","Charlotte County, Virginia",12644,NA,2010
"51041","Chesterfield County, Virginia",308633,NA,2010
"51043","Clarke County, Virginia",14013,NA,2010
"51045","Craig County, Virginia",5173,NA,2010
"51047","Culpeper County, Virginia",45749,NA,2010
"51049","Cumberland County, Virginia",9855,NA,2010
"51051","Dickenson County, Virginia",15966,NA,2010
"51053","Dinwiddie County, Virginia",27449,NA,2010
"51057","Essex County, Virginia",10901,NA,2010
"51059","Fairfax County, Virginia",1048554,NA,2010
"51061","Fauquier County, Virginia",64546,NA,2010
"51063","Floyd County, Virginia",15030,NA,2010
"51065","Fluvanna County, Virginia",25308,NA,2010
"51067","Franklin County, Virginia",54938,NA,2010
"51069","Frederick County, Virginia",75835,NA,2010
"51071","Giles County, Virginia",17205,NA,2010
"51073","Gloucester County, Virginia",36610,NA,2010
"51075","Goochland County, Virginia",21136,NA,2010
"51077","Grayson County, Virginia",15855,NA,2010
"51079","Greene County, Virginia",18082,NA,2010
"51081","Greensville County, Virginia",12181,NA,2010
"51083","Halifax County, Virginia",36311,NA,2010
"51085","Hanover County, Virginia",99172,NA,2010
"51087","Henrico County, Virginia",300053,NA,2010
"51089","Henry County, Virginia",54860,NA,2010
"51091","Highland County, Virginia",2395,NA,2010
"51093","Isle of Wight County, Virginia",34762,NA,2010
"51095","James City County, Virginia",64386,NA,2010
"51097","King and Queen County, Virginia",6926,NA,2010
"51099","King George County, Virginia",22794,NA,2010
"51101","King William County, Virginia",15509,NA,2010
"51103","Lancaster County, Virginia",11478,NA,2010
"51105","Lee County, Virginia",25434,NA,2010
"51107","Loudoun County, Virginia",291653,NA,2010
"51109","Louisa County, Virginia",32248,NA,2010
"51111","Lunenburg County, Virginia",12968,NA,2010
"51113","Madison County, Virginia",13342,NA,2010
"51115","Mathews County, Virginia",9004,NA,2010
"51117","Mecklenburg County, Virginia",32774,NA,2010
"51119","Middlesex County, Virginia",10831,NA,2010
"51121","Montgomery County, Virginia",92527,NA,2010
"51125","Nelson County, Virginia",14989,NA,2010
"51127","New Kent County, Virginia",17655,NA,2010
"51131","Northampton County, Virginia",12572,NA,2010
"51133","Northumberland County, Virginia",12419,NA,2010
"51135","Nottoway County, Virginia",15819,NA,2010
"51137","Orange County, Virginia",32730,NA,2010
"51139","Page County, Virginia",24116,NA,2010
"51141","Patrick County, Virginia",18643,NA,2010
"51143","Pittsylvania County, Virginia",63147,NA,2010
"51145","Powhatan County, Virginia",27758,NA,2010
"51147","Prince Edward County, Virginia",22723,NA,2010
"51149","Prince George County, Virginia",35129,NA,2010
"51153","Prince William County, Virginia",379415,NA,2010
"51155","Pulaski County, Virginia",34963,NA,2010
"51157","Rappahannock County, Virginia",7376,NA,2010
"51159","Richmond County, Virginia",9328,NA,2010
"51161","Roanoke County, Virginia",91583,NA,2010
"51163","Rockbridge County, Virginia",22217,NA,2010
"51165","Rockingham County, Virginia",74922,NA,2010
"51167","Russell County, Virginia",28842,NA,2010
"51169","Scott County, Virginia",23234,NA,2010
"51171","Shenandoah County, Virginia",41468,NA,2010
"51173","Smyth County, Virginia",32383,NA,2010
"51175","Southampton County, Virginia",18493,NA,2010
"51177","Spotsylvania County, Virginia",120212,NA,2010
"51179","Stafford County, Virginia",124587,NA,2010
"51181","Surry County, Virginia",7039,NA,2010
"51183","Sussex County, Virginia",12167,NA,2010
"51185","Tazewell County, Virginia",44706,NA,2010
"51187","Warren County, Virginia",37044,NA,2010
"51191","Washington County, Virginia",54322,NA,2010
"51193","Westmoreland County, Virginia",17237,NA,2010
"51195","Wise County, Virginia",41496,NA,2010
"51197","Wythe County, Virginia",29005,NA,2010
"51199","York County, Virginia",64846,NA,2010
"51510","Alexandria city, Virginia",133647,NA,2010
"51515","Bedford city, Virginia",6177,NA,2010
"51520","Bristol city, Virginia",17704,NA,2010
"51530","Buena Vista city, Virginia",6653,NA,2010
"51540","Charlottesville city, Virginia",42267,NA,2010
"51550","Chesapeake city, Virginia",219268,NA,2010
"51570","Colonial Heights city, Virginia",17472,NA,2010
"51580","Covington city, Virginia",5989,NA,2010
"51590","Danville city, Virginia",43787,NA,2010
"51595","Emporia city, Virginia",5822,NA,2010
"51600","Fairfax city, Virginia",22058,NA,2010
"51610","Falls Church city, Virginia",11465,NA,2010
"51620","Franklin city, Virginia",8549,NA,2010
"51630","Fredericksburg city, Virginia",23375,NA,2010
"51640","Galax city, Virginia",6936,NA,2010
"51650","Hampton city, Virginia",139046,NA,2010
"51660","Harrisonburg city, Virginia",47406,NA,2010
"51670","Hopewell city, Virginia",22506,NA,2010
"51678","Lexington city, Virginia",6990,NA,2010
"51680","Lynchburg city, Virginia",73726,NA,2010
"51683","Manassas city, Virginia",36067,NA,2010
"51685","Manassas Park city, Virginia",13195,NA,2010
"51690","Martinsville city, Virginia",14029,NA,2010
"51700","Newport News city, Virginia",181822,NA,2010
"51710","Norfolk city, Virginia",242143,NA,2010
"51720","Norton city, Virginia",3886,NA,2010
"51730","Petersburg city, Virginia",32303,NA,2010
"51735","Poquoson city, Virginia",12099,NA,2010
"51740","Portsmouth city, Virginia",96785,NA,2010
"51750","Radford city, Virginia",16318,NA,2010
"51760","Richmond city, Virginia",201828,NA,2010
"51770","Roanoke city, Virginia",95793,NA,2010
"51775","Salem city, Virginia",24641,NA,2010
"51790","Staunton city, Virginia",23806,NA,2010
"51800","Suffolk city, Virginia",82544,NA,2010
"51810","Virginia Beach city, Virginia",435996,NA,2010
"51820","Waynesboro city, Virginia",20885,NA,2010
"51830","Williamsburg city, Virginia",13421,NA,2010
"51840","Winchester city, Virginia",25953,NA,2010
"51095","James City County, Virginia",65818,NA,2011
"51167","Russell County, Virginia",28870,NA,2011
"51173","Smyth County, Virginia",32268,NA,2011
"51515","Bedford city, Virginia",6184,NA,2011
"51678","Lexington city, Virginia",6998,NA,2011
"51031","Campbell County, Virginia",54485,NA,2011
"51089","Henry County, Virginia",54524,NA,2011
"51099","King George County, Virginia",23321,NA,2011
"51103","Lancaster County, Virginia",11424,NA,2011
"51105","Lee County, Virginia",25405,NA,2011
"51115","Mathews County, Virginia",9000,NA,2011
"51147","Prince Edward County, Virginia",23050,NA,2011
"51149","Prince George County, Virginia",35520,NA,2011
"51165","Rockingham County, Virginia",75633,NA,2011
"51169","Scott County, Virginia",23210,NA,2011
"51181","Surry County, Virginia",7026,NA,2011
"51011","Appomattox County, Virginia",14820,NA,2011
"51067","Franklin County, Virginia",55621,NA,2011
"51117","Mecklenburg County, Virginia",32778,NA,2011
"51121","Montgomery County, Virginia",93379,NA,2011
"51015","Augusta County, Virginia",73526,NA,2011
"51049","Cumberland County, Virginia",9928,NA,2011
"51075","Goochland County, Virginia",21481,NA,2011
"51083","Halifax County, Virginia",36248,NA,2011
"51113","Madison County, Virginia",13317,NA,2011
"51153","Prince William County, Virginia",391439,NA,2011
"51175","Southampton County, Virginia",18573,NA,2011
"51025","Brunswick County, Virginia",17553,NA,2011
"51033","Caroline County, Virginia",28234,NA,2011
"51131","Northampton County, Virginia",12493,NA,2011
"51141","Patrick County, Virginia",18573,NA,2011
"51163","Rockbridge County, Virginia",22304,NA,2011
"51171","Shenandoah County, Virginia",41807,NA,2011
"51720","Norton city, Virginia",3934,NA,2011
"51790","Staunton city, Virginia",23835,NA,2011
"51065","Fluvanna County, Virginia",25599,NA,2011
"51007","Amelia County, Virginia",12631,NA,2011
"51750","Radford city, Virginia",16374,NA,2011
"51840","Winchester city, Virginia",26117,NA,2011
"51001","Accomack County, Virginia",33701,NA,2011
"51045","Craig County, Virginia",5158,NA,2011
"51063","Floyd County, Virginia",15156,NA,2011
"51071","Giles County, Virginia",17197,NA,2011
"51077","Grayson County, Virginia",15702,NA,2011
"51135","Nottoway County, Virginia",15845,NA,2011
"51157","Rappahannock County, Virginia",7422,NA,2011
"51036","Charles City County, Virginia",7223,NA,2011
"51047","Culpeper County, Virginia",46427,NA,2011
"51053","Dinwiddie County, Virginia",27714,NA,2011
"51079","Greene County, Virginia",18291,NA,2011
"51085","Hanover County, Virginia",99638,NA,2011
"51111","Lunenburg County, Virginia",12928,NA,2011
"51137","Orange County, Virginia",33235,NA,2011
"51595","Emporia city, Virginia",5850,NA,2011
"51197","Wythe County, Virginia",29116,NA,2011
"51570","Colonial Heights city, Virginia",17439,NA,2011
"51660","Harrisonburg city, Virginia",48230,NA,2011
"51021","Bland County, Virginia",6871,NA,2011
"51023","Botetourt County, Virginia",32956,NA,2011
"51029","Buckingham County, Virginia",17021,NA,2011
"51520","Bristol city, Virginia",17718,NA,2011
"51580","Covington city, Virginia",5982,NA,2011
"51830","Williamsburg city, Virginia",13741,NA,2011
"51810","Virginia Beach city, Virginia",436979,NA,2011
"51035","Carroll County, Virginia",30002,NA,2011
"51191","Washington County, Virginia",54628,NA,2011
"51193","Westmoreland County, Virginia",17386,NA,2011
"51139","Page County, Virginia",24101,NA,2011
"51155","Pulaski County, Virginia",34900,NA,2011
"51510","Alexandria city, Virginia",136968,NA,2011
"51590","Danville city, Virginia",43433,NA,2011
"51650","Hampton city, Virginia",138148,NA,2011
"51009","Amherst County, Virginia",32339,NA,2011
"51017","Bath County, Virginia",4747,NA,2011
"51027","Buchanan County, Virginia",24173,NA,2011
"51700","Newport News city, Virginia",181009,NA,2011
"51179","Stafford County, Virginia",127041,NA,2011
"51680","Lynchburg city, Virginia",74849,NA,2011
"51760","Richmond city, Virginia",203165,NA,2011
"51690","Martinsville city, Virginia",13882,NA,2011
"51057","Essex County, Virginia",11029,NA,2011
"51185","Tazewell County, Virginia",44807,NA,2011
"51530","Buena Vista city, Virginia",6647,NA,2011
"51685","Manassas Park city, Virginia",13759,NA,2011
"51730","Petersburg city, Virginia",32337,NA,2011
"51183","Sussex County, Virginia",12147,NA,2011
"51600","Fairfax city, Virginia",22277,NA,2011
"51683","Manassas city, Virginia",36811,NA,2011
"51770","Roanoke city, Virginia",96264,NA,2011
"51800","Suffolk city, Virginia",83465,NA,2011
"51037","Charlotte County, Virginia",12601,NA,2011
"51041","Chesterfield County, Virginia",313001,NA,2011
"51081","Greensville County, Virginia",12194,NA,2011
"51093","Isle of Wight County, Virginia",35092,NA,2011
"51620","Franklin city, Virginia",8570,NA,2011
"51540","Charlottesville city, Virginia",42758,NA,2011
"51087","Henrico County, Virginia",303845,NA,2011
"51101","King William County, Virginia",15728,NA,2011
"51109","Louisa County, Virginia",32739,NA,2011
"51119","Middlesex County, Virginia",10855,NA,2011
"51159","Richmond County, Virginia",9310,NA,2011
"51177","Spotsylvania County, Virginia",121508,NA,2011
"51043","Clarke County, Virginia",14081,NA,2011
"51097","King and Queen County, Virginia",6946,NA,2011
"51127","New Kent County, Virginia",18086,NA,2011
"51051","Dickenson County, Virginia",15923,NA,2011
"51107","Loudoun County, Virginia",303329,NA,2011
"51161","Roanoke County, Virginia",92023,NA,2011
"51091","Highland County, Virginia",2354,NA,2011
"51073","Gloucester County, Virginia",36741,NA,2011
"51145","Powhatan County, Virginia",27907,NA,2011
"51061","Fauquier County, Virginia",65008,NA,2011
"51550","Chesapeake city, Virginia",220837,NA,2011
"51003","Albemarle County, Virginia",97978,NA,2011
"51019","Bedford County, Virginia",68275,NA,2011
"51195","Wise County, Virginia",41505,NA,2011
"51740","Portsmouth city, Virginia",96066,NA,2011
"51005","Alleghany County, Virginia",16326,NA,2011
"51640","Galax city, Virginia",6959,NA,2011
"51133","Northumberland County, Virginia",12431,NA,2011
"51187","Warren County, Virginia",37323,NA,2011
"51630","Fredericksburg city, Virginia",24015,NA,2011
"51013","Arlington County, Virginia",202999,NA,2011
"51670","Hopewell city, Virginia",22562,NA,2011
"51069","Frederick County, Virginia",77277,NA,2011
"51199","York County, Virginia",65289,NA,2011
"51125","Nelson County, Virginia",15049,NA,2011
"51143","Pittsylvania County, Virginia",63194,NA,2011
"51610","Falls Church city, Virginia",11840,NA,2011
"51735","Poquoson city, Virginia",12097,NA,2011
"51820","Waynesboro city, Virginia",21006,NA,2011
"51775","Salem city, Virginia",24733,NA,2011
"51710","Norfolk city, Virginia",241943,NA,2011
"51059","Fairfax County, Virginia",1064735,NA,2011
"51095","James City County, Virginia",66939,NA,2012
"51167","Russell County, Virginia",28773,NA,2012
"51173","Smyth County, Virginia",32103,NA,2012
"51515","Bedford city, Virginia",6103,NA,2012
"51678","Lexington city, Virginia",6990,NA,2012
"51031","Campbell County, Virginia",54797,NA,2012
"51089","Henry County, Virginia",53971,NA,2012
"51099","King George County, Virginia",23739,NA,2012
"51103","Lancaster County, Virginia",11371,NA,2012
"51105","Lee County, Virginia",25528,NA,2012
"51115","Mathews County, Virginia",8965,NA,2012
"51147","Prince Edward County, Virginia",23017,NA,2012
"51149","Prince George County, Virginia",36013,NA,2012
"51165","Rockingham County, Virginia",76353,NA,2012
"51169","Scott County, Virginia",23061,NA,2012
"51181","Surry County, Virginia",6988,NA,2012
"51011","Appomattox County, Virginia",14952,NA,2012
"51067","Franklin County, Virginia",56012,NA,2012
"51117","Mecklenburg County, Virginia",32548,NA,2012
"51121","Montgomery County, Virginia",94179,NA,2012
"51015","Augusta County, Virginia",73662,NA,2012
"51049","Cumberland County, Virginia",9951,NA,2012
"51075","Goochland County, Virginia",21496,NA,2012
"51083","Halifax County, Virginia",36140,NA,2012
"51113","Madison County, Virginia",13270,NA,2012
"51153","Prince William County, Virginia",404011,NA,2012
"51175","Southampton County, Virginia",18576,NA,2012
"51025","Brunswick County, Virginia",17372,NA,2012
"51033","Caroline County, Virginia",28510,NA,2012
"51131","Northampton County, Virginia",12408,NA,2012
"51141","Patrick County, Virginia",18513,NA,2012
"51163","Rockbridge County, Virginia",22357,NA,2012
"51171","Shenandoah County, Virginia",42076,NA,2012
"51720","Norton city, Virginia",3971,NA,2012
"51550","Chesapeake city, Virginia",223233,NA,2012
"51003","Albemarle County, Virginia",99484,NA,2012
"51019","Bedford County, Virginia",68750,NA,2012
"51195","Wise County, Virginia",41361,NA,2012
"51740","Portsmouth city, Virginia",95786,NA,2012
"51005","Alleghany County, Virginia",16297,NA,2012
"51640","Galax city, Virginia",6942,NA,2012
"51790","Staunton city, Virginia",23906,NA,2012
"51065","Fluvanna County, Virginia",25749,NA,2012
"51007","Amelia County, Virginia",12674,NA,2012
"51750","Radford city, Virginia",16511,NA,2012
"51840","Winchester city, Virginia",26330,NA,2012
"51001","Accomack County, Virginia",33454,NA,2012
"51045","Craig County, Virginia",5186,NA,2012
"51063","Floyd County, Virginia",15268,NA,2012
"51071","Giles County, Virginia",17149,NA,2012
"51077","Grayson County, Virginia",15535,NA,2012
"51135","Nottoway County, Virginia",15875,NA,2012
"51157","Rappahannock County, Virginia",7440,NA,2012
"51036","Charles City County, Virginia",7226,NA,2012
"51047","Culpeper County, Virginia",46894,NA,2012
"51053","Dinwiddie County, Virginia",27926,NA,2012
"51079","Greene County, Virginia",18453,NA,2012
"51085","Hanover County, Virginia",99964,NA,2012
"51111","Lunenburg County, Virginia",12838,NA,2012
"51137","Orange County, Virginia",33625,NA,2012
"51595","Emporia city, Virginia",5825,NA,2012
"51133","Northumberland County, Virginia",12389,NA,2012
"51187","Warren County, Virginia",37567,NA,2012
"51630","Fredericksburg city, Virginia",24932,NA,2012
"51013","Arlington County, Virginia",209077,NA,2012
"51670","Hopewell city, Virginia",22501,NA,2012
"51069","Frederick County, Virginia",78397,NA,2012
"51199","York County, Virginia",65503,NA,2012
"51125","Nelson County, Virginia",15000,NA,2012
"51143","Pittsylvania County, Virginia",63318,NA,2012
"51610","Falls Church city, Virginia",12300,NA,2012
"51735","Poquoson city, Virginia",12110,NA,2012
"51820","Waynesboro city, Virginia",21030,NA,2012
"51775","Salem city, Virginia",24792,NA,2012
"51710","Norfolk city, Virginia",243056,NA,2012
"51059","Fairfax County, Virginia",1083770,NA,2012
"51197","Wythe County, Virginia",29203,NA,2012
"51570","Colonial Heights city, Virginia",17426,NA,2012
"51660","Harrisonburg city, Virginia",49043,NA,2012
"51021","Bland County, Virginia",6827,NA,2012
"51023","Botetourt County, Virginia",33074,NA,2012
"51029","Buckingham County, Virginia",17071,NA,2012
"51520","Bristol city, Virginia",17747,NA,2012
"51580","Covington city, Virginia",5903,NA,2012
"51830","Williamsburg city, Virginia",14207,NA,2012
"51810","Virginia Beach city, Virginia",439528,NA,2012
"51035","Carroll County, Virginia",29989,NA,2012
"51191","Washington County, Virginia",54691,NA,2012
"51193","Westmoreland County, Virginia",17468,NA,2012
"51139","Page County, Virginia",24038,NA,2012
"51155","Pulaski County, Virginia",34869,NA,2012
"51510","Alexandria city, Virginia",140337,NA,2012
"51590","Danville city, Virginia",43185,NA,2012
"51650","Hampton city, Virginia",137471,NA,2012
"51009","Amherst County, Virginia",32301,NA,2012
"51017","Bath County, Virginia",4713,NA,2012
"51027","Buchanan County, Virginia",24071,NA,2012
"51700","Newport News city, Virginia",180831,NA,2012
"51179","Stafford County, Virginia",129446,NA,2012
"51680","Lynchburg city, Virginia",75657,NA,2012
"51760","Richmond city, Virginia",205348,NA,2012
"51690","Martinsville city, Virginia",13854,NA,2012
"51057","Essex County, Virginia",11130,NA,2012
"51185","Tazewell County, Virginia",44846,NA,2012
"51530","Buena Vista city, Virginia",6679,NA,2012
"51685","Manassas Park city, Virginia",14409,NA,2012
"51730","Petersburg city, Virginia",32226,NA,2012
"51183","Sussex County, Virginia",12095,NA,2012
"51600","Fairfax city, Virginia",22712,NA,2012
"51683","Manassas city, Virginia",37943,NA,2012
"51770","Roanoke city, Virginia",96742,NA,2012
"51800","Suffolk city, Virginia",84216,NA,2012
"51037","Charlotte County, Virginia",12546,NA,2012
"51041","Chesterfield County, Virginia",316895,NA,2012
"51081","Greensville County, Virginia",12127,NA,2012
"51093","Isle of Wight County, Virginia",35240,NA,2012
"51620","Franklin city, Virginia",8531,NA,2012
"51540","Charlottesville city, Virginia",43223,NA,2012
"51087","Henrico County, Virginia",307576,NA,2012
"51101","King William County, Virginia",15861,NA,2012
"51109","Louisa County, Virginia",33083,NA,2012
"51119","Middlesex County, Virginia",10855,NA,2012
"51159","Richmond County, Virginia",9234,NA,2012
"51177","Spotsylvania County, Virginia",122854,NA,2012
"51043","Clarke County, Virginia",14143,NA,2012
"51097","King and Queen County, Virginia",6968,NA,2012
"51127","New Kent County, Virginia",18460,NA,2012
"51051","Dickenson County, Virginia",15877,NA,2012
"51107","Loudoun County, Virginia",314980,NA,2012
"51161","Roanoke County, Virginia",92432,NA,2012
"51091","Highland County, Virginia",2317,NA,2012
"51073","Gloucester County, Virginia",36821,NA,2012
"51145","Powhatan County, Virginia",28003,NA,2012
"51061","Fauquier County, Virginia",65495,NA,2012
"51095","James City County, Virginia",68171,NA,2013
"51167","Russell County, Virginia",28646,NA,2013
"51173","Smyth County, Virginia",31979,NA,2013
"51515","Bedford city, Virginia",6052,NA,2013
"51678","Lexington city, Virginia",7026,NA,2013
"51031","Campbell County, Virginia",54967,NA,2013
"51089","Henry County, Virginia",53451,NA,2013
"51099","King George County, Virginia",24151,NA,2013
"51103","Lancaster County, Virginia",11303,NA,2013
"51105","Lee County, Virginia",25497,NA,2013
"51115","Mathews County, Virginia",8943,NA,2013
"51147","Prince Edward County, Virginia",23166,NA,2013
"51149","Prince George County, Virginia",36462,NA,2013
"51165","Rockingham County, Virginia",76885,NA,2013
"51169","Scott County, Virginia",22940,NA,2013
"51181","Surry County, Virginia",6922,NA,2013
"51011","Appomattox County, Virginia",15054,NA,2013
"51067","Franklin County, Virginia",56195,NA,2013
"51117","Mecklenburg County, Virginia",32274,NA,2013
"51121","Montgomery County, Virginia",94910,NA,2013
"51015","Augusta County, Virginia",73726,NA,2013
"51049","Cumberland County, Virginia",9943,NA,2013
"51075","Goochland County, Virginia",21565,NA,2013
"51083","Halifax County, Virginia",35938,NA,2013
"51113","Madison County, Virginia",13249,NA,2013
"51153","Prince William County, Virginia",416668,NA,2013
"51175","Southampton County, Virginia",18444,NA,2013
"51025","Brunswick County, Virginia",17220,NA,2013
"51033","Caroline County, Virginia",28757,NA,2013
"51131","Northampton County, Virginia",12339,NA,2013
"51141","Patrick County, Virginia",18445,NA,2013
"51163","Rockbridge County, Virginia",22345,NA,2013
"51171","Shenandoah County, Virginia",42270,NA,2013
"51720","Norton city, Virginia",3998,NA,2013
"51790","Staunton city, Virginia",23989,NA,2013
"51065","Fluvanna County, Virginia",25860,NA,2013
"51007","Amelia County, Virginia",12712,NA,2013
"51750","Radford city, Virginia",16705,NA,2013
"51840","Winchester city, Virginia",26587,NA,2013
"51001","Accomack County, Virginia",33289,NA,2013
"51045","Craig County, Virginia",5199,NA,2013
"51063","Floyd County, Virginia",15371,NA,2013
"51071","Giles County, Virginia",17111,NA,2013
"51077","Grayson County, Virginia",15377,NA,2013
"51135","Nottoway County, Virginia",15862,NA,2013
"51157","Rappahannock County, Virginia",7448,NA,2013
"51036","Charles City County, Virginia",7205,NA,2013
"51047","Culpeper County, Virginia",47330,NA,2013
"51053","Dinwiddie County, Virginia",27977,NA,2013
"51079","Greene County, Virginia",18577,NA,2013
"51085","Hanover County, Virginia",100328,NA,2013
"51111","Lunenburg County, Virginia",12759,NA,2013
"51137","Orange County, Virginia",33934,NA,2013
"51595","Emporia city, Virginia",5773,NA,2013
"51197","Wythe County, Virginia",29274,NA,2013
"51570","Colonial Heights city, Virginia",17481,NA,2013
"51660","Harrisonburg city, Virginia",49926,NA,2013
"51021","Bland County, Virginia",6795,NA,2013
"51023","Botetourt County, Virginia",33076,NA,2013
"51029","Buckingham County, Virginia",17126,NA,2013
"51520","Bristol city, Virginia",17713,NA,2013
"51580","Covington city, Virginia",5880,NA,2013
"51830","Williamsburg city, Virginia",14579,NA,2013
"51810","Virginia Beach city, Virginia",442151,NA,2013
"51035","Carroll County, Virginia",29979,NA,2013
"51191","Washington County, Virginia",54804,NA,2013
"51193","Westmoreland County, Virginia",17532,NA,2013
"51139","Page County, Virginia",23975,NA,2013
"51155","Pulaski County, Virginia",34768,NA,2013
"51510","Alexandria city, Virginia",143684,NA,2013
"51590","Danville city, Virginia",42996,NA,2013
"51650","Hampton city, Virginia",136957,NA,2013
"51009","Amherst County, Virginia",32244,NA,2013
"51017","Bath County, Virginia",4686,NA,2013
"51027","Buchanan County, Virginia",23920,NA,2013
"51700","Newport News city, Virginia",181025,NA,2013
"51179","Stafford County, Virginia",131885,NA,2013
"51680","Lynchburg city, Virginia",76467,NA,2013
"51760","Richmond city, Virginia",207878,NA,2013
"51690","Martinsville city, Virginia",13808,NA,2013
"51057","Essex County, Virginia",11180,NA,2013
"51185","Tazewell County, Virginia",44664,NA,2013
"51530","Buena Vista city, Virginia",6699,NA,2013
"51685","Manassas Park city, Virginia",15125,NA,2013
"51730","Petersburg city, Virginia",32326,NA,2013
"51183","Sussex County, Virginia",12007,NA,2013
"51600","Fairfax city, Virginia",23027,NA,2013
"51683","Manassas city, Virginia",39317,NA,2013
"51770","Roanoke city, Virginia",97355,NA,2013
"51800","Suffolk city, Virginia",84842,NA,2013
"51037","Charlotte County, Virginia",12478,NA,2013
"51041","Chesterfield County, Virginia",320430,NA,2013
"51081","Greensville County, Virginia",12078,NA,2013
"51093","Isle of Wight County, Virginia",35373,NA,2013
"51620","Franklin city, Virginia",8539,NA,2013
"51540","Charlottesville city, Virginia",43663,NA,2013
"51087","Henrico County, Virginia",311314,NA,2013
"51101","King William County, Virginia",15959,NA,2013
"51109","Louisa County, Virginia",33384,NA,2013
"51119","Middlesex County, Virginia",10851,NA,2013
"51159","Richmond County, Virginia",9140,NA,2013
"51177","Spotsylvania County, Virginia",124319,NA,2013
"51043","Clarke County, Virginia",14191,NA,2013
"51097","King and Queen County, Virginia",7020,NA,2013
"51127","New Kent County, Virginia",18791,NA,2013
"51051","Dickenson County, Virginia",15749,NA,2013
"51107","Loudoun County, Virginia",326477,NA,2013
"51161","Roanoke County, Virginia",92824,NA,2013
"51091","Highland County, Virginia",2276,NA,2013
"51073","Gloucester County, Virginia",36868,NA,2013
"51145","Powhatan County, Virginia",28108,NA,2013
"51061","Fauquier County, Virginia",66015,NA,2013
"51550","Chesapeake city, Virginia",225597,NA,2013
"51003","Albemarle County, Virginia",100636,NA,2013
"51019","Bedford County, Virginia",69175,NA,2013
"51195","Wise County, Virginia",41154,NA,2013
"51740","Portsmouth city, Virginia",95901,NA,2013
"51005","Alleghany County, Virginia",16240,NA,2013
"51640","Galax city, Virginia",6977,NA,2013
"51133","Northumberland County, Virginia",12334,NA,2013
"51187","Warren County, Virginia",37836,NA,2013
"51630","Fredericksburg city, Virginia",25931,NA,2013
"51013","Arlington County, Virginia",214861,NA,2013
"51670","Hopewell city, Virginia",22429,NA,2013
"51069","Frederick County, Virginia",79453,NA,2013
"51199","York County, Virginia",65762,NA,2013
"51125","Nelson County, Virginia",14940,NA,2013
"51143","Pittsylvania County, Virginia",63077,NA,2013
"51610","Falls Church city, Virginia",12731,NA,2013
"51735","Poquoson city, Virginia",12117,NA,2013
"51820","Waynesboro city, Virginia",21099,NA,2013
"51775","Salem city, Virginia",24950,NA,2013
"51710","Norfolk city, Virginia",244090,NA,2013
"51059","Fairfax County, Virginia",1101071,NA,2013
"51095","James City County, Virginia",69832,NA,2014
"51167","Russell County, Virginia",28444,NA,2014
"51173","Smyth County, Virginia",31876,NA,2014
"51540","Charlottesville city, Virginia",44505,NA,2014
"51031","Campbell County, Virginia",54833,NA,2014
"51087","Henrico County, Virginia",314878,NA,2014
"51099","King George County, Virginia",24577,NA,2014
"51103","Lancaster County, Virginia",11224,NA,2014
"51105","Lee County, Virginia",25380,NA,2014
"51115","Mathews County, Virginia",8923,NA,2014
"51119","Middlesex County, Virginia",10817,NA,2014
"51149","Prince George County, Virginia",36792,NA,2014
"51159","Richmond County, Virginia",9072,NA,2014
"51169","Scott County, Virginia",22781,NA,2014
"51177","Spotsylvania County, Virginia",126200,NA,2014
"51011","Appomattox County, Virginia",15137,NA,2014
"51067","Franklin County, Virginia",56360,NA,2014
"51049","Cumberland County, Virginia",9916,NA,2014
"51097","King and Queen County, Virginia",7073,NA,2014
"51121","Montgomery County, Virginia",95808,NA,2014
"51127","New Kent County, Virginia",19187,NA,2014
"51051","Dickenson County, Virginia",15612,NA,2014
"51083","Halifax County, Virginia",35704,NA,2014
"51107","Loudoun County, Virginia",338916,NA,2014
"51153","Prince William County, Virginia",428772,NA,2014
"51175","Southampton County, Virginia",18364,NA,2014
"51091","Highland County, Virginia",2258,NA,2014
"51033","Caroline County, Virginia",29057,NA,2014
"51073","Gloucester County, Virginia",36938,NA,2014
"51141","Patrick County, Virginia",18365,NA,2014
"51145","Powhatan County, Virginia",28193,NA,2014
"51171","Shenandoah County, Virginia",42545,NA,2014
"51061","Fauquier County, Virginia",66726,NA,2014
"51790","Staunton city, Virginia",24132,NA,2014
"51065","Fluvanna County, Virginia",25945,NA,2014
"51007","Amelia County, Virginia",12764,NA,2014
"51750","Radford city, Virginia",16993,NA,2014
"51840","Winchester city, Virginia",27031,NA,2014
"51001","Accomack County, Virginia",33165,NA,2014
"51045","Craig County, Virginia",5206,NA,2014
"51063","Floyd County, Virginia",15452,NA,2014
"51071","Giles County, Virginia",17025,NA,2014
"51077","Grayson County, Virginia",15255,NA,2014
"51135","Nottoway County, Virginia",15756,NA,2014
"51157","Rappahannock County, Virginia",7446,NA,2014
"51036","Charles City County, Virginia",7154,NA,2014
"51047","Culpeper County, Virginia",47910,NA,2014
"51053","Dinwiddie County, Virginia",27993,NA,2014
"51079","Greene County, Virginia",18766,NA,2014
"51085","Hanover County, Virginia",100689,NA,2014
"51111","Lunenburg County, Virginia",12667,NA,2014
"51137","Orange County, Virginia",34239,NA,2014
"51595","Emporia city, Virginia",5682,NA,2014
"51197","Wythe County, Virginia",29259,NA,2014
"51550","Chesapeake city, Virginia",228168,NA,2014
"51660","Harrisonburg city, Virginia",50821,NA,2014
"51003","Albemarle County, Virginia",101883,NA,2014
"51019","Bedford County, Virginia",75607,NA,2014
"51029","Buckingham County, Virginia",17072,NA,2014
"51195","Wise County, Virginia",40872,NA,2014
"51580","Covington city, Virginia",5853,NA,2014
"51740","Portsmouth city, Virginia",96007,NA,2014
"51810","Virginia Beach city, Virginia",445623,NA,2014
"51005","Alleghany County, Virginia",16133,NA,2014
"51640","Galax city, Virginia",6981,NA,2014
"51193","Westmoreland County, Virginia",17518,NA,2014
"51133","Northumberland County, Virginia",12320,NA,2014
"51155","Pulaski County, Virginia",34630,NA,2014
"51187","Warren County, Virginia",38142,NA,2014
"51017","Bath County, Virginia",4644,NA,2014
"51590","Danville city, Virginia",42704,NA,2014
"51630","Fredericksburg city, Virginia",26632,NA,2014
"51009","Amherst County, Virginia",32237,NA,2014
"51670","Hopewell city, Virginia",22375,NA,2014
"51700","Newport News city, Virginia",181362,NA,2014
"51069","Frederick County, Virginia",80377,NA,2014
"51680","Lynchburg city, Virginia",77626,NA,2014
"51199","York County, Virginia",65808,NA,2014
"51690","Martinsville city, Virginia",13745,NA,2014
"51125","Nelson County, Virginia",14892,NA,2014
"51143","Pittsylvania County, Virginia",62955,NA,2014
"51530","Buena Vista city, Virginia",6683,NA,2014
"51610","Falls Church city, Virginia",13074,NA,2014
"51730","Petersburg city, Virginia",32439,NA,2014
"51735","Poquoson city, Virginia",12103,NA,2014
"51600","Fairfax city, Virginia",23507,NA,2014
"51820","Waynesboro city, Virginia",21177,NA,2014
"51770","Roanoke city, Virginia",97949,NA,2014
"51800","Suffolk city, Virginia",85477,NA,2014
"51710","Norfolk city, Virginia",244745,NA,2014
"51041","Chesterfield County, Virginia",324337,NA,2014
"51059","Fairfax County, Virginia",1117072,NA,2014
"51093","Isle of Wight County, Virginia",35518,NA,2014
"51620","Franklin city, Virginia",8534,NA,2014
"51678","Lexington city, Virginia",7114,NA,2014
"51089","Henry County, Virginia",52960,NA,2014
"51101","King William County, Virginia",16045,NA,2014
"51109","Louisa County, Virginia",33743,NA,2014
"51147","Prince Edward County, Virginia",23140,NA,2014
"51165","Rockingham County, Virginia",77345,NA,2014
"51181","Surry County, Virginia",6885,NA,2014
"51043","Clarke County, Virginia",14273,NA,2014
"51117","Mecklenburg County, Virginia",31913,NA,2014
"51015","Augusta County, Virginia",73707,NA,2014
"51075","Goochland County, Virginia",21627,NA,2014
"51113","Madison County, Virginia",13208,NA,2014
"51161","Roanoke County, Virginia",93194,NA,2014
"51025","Brunswick County, Virginia",16961,NA,2014
"51131","Northampton County, Virginia",12254,NA,2014
"51163","Rockbridge County, Virginia",22367,NA,2014
"51720","Norton city, Virginia",4015,NA,2014
"51570","Colonial Heights city, Virginia",17542,NA,2014
"51021","Bland County, Virginia",6727,NA,2014
"51023","Botetourt County, Virginia",33105,NA,2014
"51520","Bristol city, Virginia",17595,NA,2014
"51830","Williamsburg city, Virginia",14401,NA,2014
"51035","Carroll County, Virginia",29881,NA,2014
"51191","Washington County, Virginia",54833,NA,2014
"51139","Page County, Virginia",23905,NA,2014
"51510","Alexandria city, Virginia",146422,NA,2014
"51650","Hampton city, Virginia",136904,NA,2014
"51013","Arlington County, Virginia",220173,NA,2014
"51027","Buchanan County, Virginia",23683,NA,2014
"51179","Stafford County, Virginia",134672,NA,2014
"51760","Richmond city, Virginia",211063,NA,2014
"51057","Essex County, Virginia",11166,NA,2014
"51185","Tazewell County, Virginia",44331,NA,2014
"51685","Manassas Park city, Virginia",14992,NA,2014
"51183","Sussex County, Virginia",11923,NA,2014
"51683","Manassas city, Virginia",40436,NA,2014
"51775","Salem city, Virginia",25120,NA,2014
"51037","Charlotte County, Virginia",12399,NA,2014
"51081","Greensville County, Virginia",11911,NA,2014
"51095","James City County, Virginia",70673,NA,2015
"51167","Russell County, Virginia",28245,NA,2015
"51173","Smyth County, Virginia",31734,NA,2015
"51540","Charlottesville city, Virginia",45084,NA,2015
"51031","Campbell County, Virginia",55012,NA,2015
"51087","Henrico County, Virginia",318864,NA,2015
"51099","King George County, Virginia",24933,NA,2015
"51103","Lancaster County, Virginia",11129,NA,2015
"51105","Lee County, Virginia",25206,NA,2015
"51115","Mathews County, Virginia",8880,NA,2015
"51119","Middlesex County, Virginia",10717,NA,2015
"51149","Prince George County, Virginia",37380,NA,2015
"51159","Richmond County, Virginia",8989,NA,2015
"51169","Scott County, Virginia",22570,NA,2015
"51177","Spotsylvania County, Virginia",127691,NA,2015
"51011","Appomattox County, Virginia",15208,NA,2015
"51067","Franklin County, Virginia",56315,NA,2015
"51097","King and Queen County, Virginia",7106,NA,2015
"51121","Montgomery County, Virginia",96467,NA,2015
"51127","New Kent County, Virginia",19560,NA,2015
"51083","Halifax County, Virginia",35506,NA,2015
"51107","Loudoun County, Virginia",351129,NA,2015
"51153","Prince William County, Virginia",437271,NA,2015
"51175","Southampton County, Virginia",18410,NA,2015
"51091","Highland County, Virginia",2244,NA,2015
"51033","Caroline County, Virginia",29349,NA,2015
"51073","Gloucester County, Virginia",37001,NA,2015
"51141","Patrick County, Virginia",18264,NA,2015
"51145","Powhatan County, Virginia",28207,NA,2015
"51171","Shenandoah County, Virginia",42724,NA,2015
"51061","Fauquier County, Virginia",67463,NA,2015
"51790","Staunton city, Virginia",24193,NA,2015
"51065","Fluvanna County, Virginia",26014,NA,2015
"51007","Amelia County, Virginia",12777,NA,2015
"51750","Radford city, Virginia",17057,NA,2015
"51840","Winchester city, Virginia",27168,NA,2015
"51001","Accomack County, Virginia",33115,NA,2015
"51045","Craig County, Virginia",5212,NA,2015
"51063","Floyd County, Virginia",15523,NA,2015
"51071","Giles County, Virginia",16907,NA,2015
"51077","Grayson County, Virginia",15573,NA,2015
"51135","Nottoway County, Virginia",15711,NA,2015
"51157","Rappahannock County, Virginia",7431,NA,2015
"51036","Charles City County, Virginia",7118,NA,2015
"51047","Culpeper County, Virginia",48424,NA,2015
"51053","Dinwiddie County, Virginia",28110,NA,2015
"51079","Greene County, Virginia",18938,NA,2015
"51085","Hanover County, Virginia",101340,NA,2015
"51111","Lunenburg County, Virginia",12558,NA,2015
"51137","Orange County, Virginia",34596,NA,2015
"51595","Emporia city, Virginia",5672,NA,2015
"51197","Wythe County, Virginia",29190,NA,2015
"51550","Chesapeake city, Virginia",230601,NA,2015
"51660","Harrisonburg city, Virginia",51388,NA,2015
"51003","Albemarle County, Virginia",103108,NA,2015
"51019","Bedford County, Virginia",76463,NA,2015
"51029","Buckingham County, Virginia",17068,NA,2015
"51195","Wise County, Virginia",40530,NA,2015
"51580","Covington city, Virginia",5736,NA,2015
"51049","Cumberland County, Virginia",9859,NA,2015
"51051","Dickenson County, Virginia",15463,NA,2015
"51740","Portsmouth city, Virginia",96135,NA,2015
"51810","Virginia Beach city, Virginia",448290,NA,2015
"51005","Alleghany County, Virginia",16066,NA,2015
"51640","Galax city, Virginia",6876,NA,2015
"51193","Westmoreland County, Virginia",17557,NA,2015
"51133","Northumberland County, Virginia",12304,NA,2015
"51155","Pulaski County, Virginia",34528,NA,2015
"51187","Warren County, Virginia",38481,NA,2015
"51590","Danville city, Virginia",42450,NA,2015
"51630","Fredericksburg city, Virginia",27395,NA,2015
"51009","Amherst County, Virginia",32148,NA,2015
"51017","Bath County, Virginia",4583,NA,2015
"51670","Hopewell city, Virginia",22279,NA,2015
"51700","Newport News city, Virginia",181323,NA,2015
"51069","Frederick County, Virginia",81340,NA,2015
"51680","Lynchburg city, Virginia",78158,NA,2015
"51199","York County, Virginia",66471,NA,2015
"51690","Martinsville city, Virginia",13624,NA,2015
"51143","Pittsylvania County, Virginia",62794,NA,2015
"51530","Buena Vista city, Virginia",6666,NA,2015
"51610","Falls Church city, Virginia",13308,NA,2015
"51730","Petersburg city, Virginia",32123,NA,2015
"51735","Poquoson city, Virginia",12077,NA,2015
"51600","Fairfax city, Virginia",23402,NA,2015
"51820","Waynesboro city, Virginia",21150,NA,2015
"51770","Roanoke city, Virginia",98736,NA,2015
"51800","Suffolk city, Virginia",86184,NA,2015
"51710","Norfolk city, Virginia",245452,NA,2015
"51041","Chesterfield County, Virginia",328176,NA,2015
"51059","Fairfax County, Virginia",1128722,NA,2015
"51125","Nelson County, Virginia",14858,NA,2015
"51093","Isle of Wight County, Virginia",35740,NA,2015
"51620","Franklin city, Virginia",8457,NA,2015
"51678","Lexington city, Virginia",7071,NA,2015
"51089","Henry County, Virginia",52580,NA,2015
"51101","King William County, Virginia",16097,NA,2015
"51109","Louisa County, Virginia",33986,NA,2015
"51147","Prince Edward County, Virginia",23022,NA,2015
"51165","Rockingham County, Virginia",77785,NA,2015
"51181","Surry County, Virginia",6823,NA,2015
"51043","Clarke County, Virginia",14299,NA,2015
"51117","Mecklenburg County, Virginia",31555,NA,2015
"51015","Augusta County, Virginia",74053,NA,2015
"51075","Goochland County, Virginia",21721,NA,2015
"51113","Madison County, Virginia",13147,NA,2015
"51161","Roanoke County, Virginia",93633,NA,2015
"51025","Brunswick County, Virginia",16930,NA,2015
"51131","Northampton County, Virginia",12184,NA,2015
"51163","Rockbridge County, Virginia",22444,NA,2015
"51720","Norton city, Virginia",4007,NA,2015
"51570","Colonial Heights city, Virginia",17515,NA,2015
"51021","Bland County, Virginia",6662,NA,2015
"51023","Botetourt County, Virginia",33155,NA,2015
"51520","Bristol city, Virginia",17524,NA,2015
"51830","Williamsburg city, Virginia",14754,NA,2015
"51035","Carroll County, Virginia",29856,NA,2015
"51191","Washington County, Virginia",54759,NA,2015
"51139","Page County, Virginia",23843,NA,2015
"51510","Alexandria city, Virginia",149315,NA,2015
"51650","Hampton city, Virginia",137081,NA,2015
"51013","Arlington County, Virginia",223945,NA,2015
"51027","Buchanan County, Virginia",23486,NA,2015
"51179","Stafford County, Virginia",137145,NA,2015
"51760","Richmond city, Virginia",213735,NA,2015
"51057","Essex County, Virginia",11151,NA,2015
"51185","Tazewell County, Virginia",43870,NA,2015
"51685","Manassas Park city, Virginia",15625,NA,2015
"51183","Sussex County, Virginia",11864,NA,2015
"51683","Manassas city, Virginia",40743,NA,2015
"51775","Salem city, Virginia",25165,NA,2015
"51037","Charlotte County, Virginia",12313,NA,2015
"51081","Greensville County, Virginia",11760,NA,2015
"51810","Virginia Beach city, Virginia",449733,NA,2016
"51005","Alleghany County, Virginia",15919,NA,2016
"51640","Galax city, Virginia",6858,NA,2016
"51193","Westmoreland County, Virginia",17528,NA,2016
"51133","Northumberland County, Virginia",12272,NA,2016
"51155","Pulaski County, Virginia",34417,NA,2016
"51187","Warren County, Virginia",38807,NA,2016
"51590","Danville city, Virginia",42360,NA,2016
"51630","Fredericksburg city, Virginia",27853,NA,2016
"51009","Amherst County, Virginia",31999,NA,2016
"51017","Bath County, Virginia",4558,NA,2016
"51670","Hopewell city, Virginia",22332,NA,2016
"51700","Newport News city, Virginia",181606,NA,2016
"51069","Frederick County, Virginia",82321,NA,2016
"51680","Lynchburg city, Virginia",78755,NA,2016
"51199","York County, Virginia",66919,NA,2016
"51690","Martinsville city, Virginia",13551,NA,2016
"51125","Nelson County, Virginia",14831,NA,2016
"51143","Pittsylvania County, Virginia",62392,NA,2016
"51530","Buena Vista city, Virginia",6610,NA,2016
"51610","Falls Church city, Virginia",13597,NA,2016
"51730","Petersburg city, Virginia",31997,NA,2016
"51735","Poquoson city, Virginia",12068,NA,2016
"51600","Fairfax city, Virginia",23620,NA,2016
"51820","Waynesboro city, Virginia",21366,NA,2016
"51770","Roanoke city, Virginia",99329,NA,2016
"51800","Suffolk city, Virginia",87061,NA,2016
"51710","Norfolk city, Virginia",245724,NA,2016
"51041","Chesterfield County, Virginia",331839,NA,2016
"51059","Fairfax County, Virginia",1132887,NA,2016
"51023","Botetourt County, Virginia",33192,NA,2016
"51520","Bristol city, Virginia",17340,NA,2016
"51830","Williamsburg city, Virginia",14988,NA,2016
"51035","Carroll County, Virginia",29733,NA,2016
"51191","Washington County, Virginia",54562,NA,2016
"51139","Page County, Virginia",23759,NA,2016
"51510","Alexandria city, Virginia",151473,NA,2016
"51650","Hampton city, Virginia",136789,NA,2016
"51013","Arlington County, Virginia",226092,NA,2016
"51027","Buchanan County, Virginia",23158,NA,2016
"51179","Stafford County, Virginia",139548,NA,2016
"51760","Richmond city, Virginia",216773,NA,2016
"51057","Essex County, Virginia",11130,NA,2016
"51185","Tazewell County, Virginia",43367,NA,2016
"51685","Manassas Park city, Virginia",15827,NA,2016
"51183","Sussex County, Virginia",11733,NA,2016
"51683","Manassas city, Virginia",41149,NA,2016
"51775","Salem city, Virginia",25290,NA,2016
"51037","Charlotte County, Virginia",12232,NA,2016
"51081","Greensville County, Virginia",11698,NA,2016
"51095","James City County, Virginia",71900,NA,2016
"51167","Russell County, Virginia",27973,NA,2016
"51173","Smyth County, Virginia",31513,NA,2016
"51540","Charlottesville city, Virginia",45538,NA,2016
"51093","Isle of Wight County, Virginia",36027,NA,2016
"51620","Franklin city, Virginia",8413,NA,2016
"51678","Lexington city, Virginia",7036,NA,2016
"51089","Henry County, Virginia",52209,NA,2016
"51101","King William County, Virginia",16156,NA,2016
"51109","Louisa County, Virginia",34350,NA,2016
"51147","Prince Edward County, Virginia",23077,NA,2016
"51165","Rockingham County, Virginia",78427,NA,2016
"51181","Surry County, Virginia",6731,NA,2016
"51043","Clarke County, Virginia",14307,NA,2016
"51117","Mecklenburg County, Virginia",31209,NA,2016
"51015","Augusta County, Virginia",74330,NA,2016
"51075","Goochland County, Virginia",21979,NA,2016
"51113","Madison County, Virginia",13122,NA,2016
"51161","Roanoke County, Virginia",93655,NA,2016
"51025","Brunswick County, Virginia",16573,NA,2016
"51131","Northampton County, Virginia",12118,NA,2016
"51163","Rockbridge County, Virginia",22450,NA,2016
"51720","Norton city, Virginia",3978,NA,2016
"51570","Colonial Heights city, Virginia",17554,NA,2016
"51021","Bland County, Virginia",6612,NA,2016
"51031","Campbell County, Virginia",55061,NA,2016
"51087","Henrico County, Virginia",321921,NA,2016
"51099","King George County, Virginia",25260,NA,2016
"51103","Lancaster County, Virginia",11055,NA,2016
"51105","Lee County, Virginia",24911,NA,2016
"51115","Mathews County, Virginia",8848,NA,2016
"51119","Middlesex County, Virginia",10728,NA,2016
"51149","Prince George County, Virginia",37664,NA,2016
"51159","Richmond County, Virginia",8868,NA,2016
"51169","Scott County, Virginia",22378,NA,2016
"51177","Spotsylvania County, Virginia",129181,NA,2016
"51011","Appomattox County, Virginia",15314,NA,2016
"51067","Franklin County, Virginia",56230,NA,2016
"51097","King and Queen County, Virginia",7140,NA,2016
"51121","Montgomery County, Virginia",97227,NA,2016
"51127","New Kent County, Virginia",20051,NA,2016
"51049","Cumberland County, Virginia",9769,NA,2016
"51051","Dickenson County, Virginia",15304,NA,2016
"51083","Halifax County, Virginia",35305,NA,2016
"51107","Loudoun County, Virginia",362435,NA,2016
"51153","Prince William County, Virginia",443630,NA,2016
"51175","Southampton County, Virginia",18291,NA,2016
"51091","Highland County, Virginia",2230,NA,2016
"51033","Caroline County, Virginia",29640,NA,2016
"51073","Gloucester County, Virginia",37021,NA,2016
"51141","Patrick County, Virginia",18180,NA,2016
"51145","Powhatan County, Virginia",28286,NA,2016
"51171","Shenandoah County, Virginia",42857,NA,2016
"51061","Fauquier County, Virginia",68025,NA,2016
"51790","Staunton city, Virginia",24234,NA,2016
"51065","Fluvanna County, Virginia",26046,NA,2016
"51007","Amelia County, Virginia",12793,NA,2016
"51750","Radford city, Virginia",17186,NA,2016
"51840","Winchester city, Virginia",27349,NA,2016
"51001","Accomack County, Virginia",33060,NA,2016
"51045","Craig County, Virginia",5195,NA,2016
"51063","Floyd County, Virginia",15587,NA,2016
"51071","Giles County, Virginia",16871,NA,2016
"51077","Grayson County, Virginia",15180,NA,2016
"51135","Nottoway County, Virginia",15641,NA,2016
"51157","Rappahannock County, Virginia",7416,NA,2016
"51036","Charles City County, Virginia",7086,NA,2016
"51047","Culpeper County, Virginia",48952,NA,2016
"51053","Dinwiddie County, Virginia",28155,NA,2016
"51079","Greene County, Virginia",19085,NA,2016
"51085","Hanover County, Virginia",102199,NA,2016
"51111","Lunenburg County, Virginia",12450,NA,2016
"51137","Orange County, Virginia",34873,NA,2016
"51595","Emporia city, Virginia",5565,NA,2016
"51197","Wythe County, Virginia",29171,NA,2016
"51550","Chesapeake city, Virginia",233194,NA,2016
"51660","Harrisonburg city, Virginia",51979,NA,2016
"51003","Albemarle County, Virginia",104287,NA,2016
"51019","Bedford County, Virginia",76933,NA,2016
"51029","Buckingham County, Virginia",17030,NA,2016
"51195","Wise County, Virginia",40074,NA,2016
"51580","Covington city, Virginia",5650,NA,2016
"51740","Portsmouth city, Virginia",96071,NA,2016
"51093","Isle of Wight County, Virginia",36090,NA,2017
"51095","James City County, Virginia",73028,NA,2017
"51167","Russell County, Virginia",27725,NA,2017
"51620","Franklin city, Virginia",8334,NA,2017
"51173","Smyth County, Virginia",31298,NA,2017
"51540","Charlottesville city, Virginia",46487,NA,2017
"51678","Lexington city, Virginia",7113,NA,2017
"51031","Campbell County, Virginia",55158,NA,2017
"51087","Henrico County, Virginia",324073,NA,2017
"51089","Henry County, Virginia",51956,NA,2017
"51099","King George County, Virginia",25564,NA,2017
"51101","King William County, Virginia",16329,NA,2017
"51103","Lancaster County, Virginia",10848,NA,2017
"51105","Lee County, Virginia",24428,NA,2017
"51109","Louisa County, Virginia",34813,NA,2017
"51115","Mathews County, Virginia",8830,NA,2017
"51119","Middlesex County, Virginia",10710,NA,2017
"51147","Prince Edward County, Virginia",22903,NA,2017
"51149","Prince George County, Virginia",37704,NA,2017
"51159","Richmond County, Virginia",8873,NA,2017
"51165","Rockingham County, Virginia",78653,NA,2017
"51169","Scott County, Virginia",22290,NA,2017
"51177","Spotsylvania County, Virginia",130159,NA,2017
"51181","Surry County, Virginia",6670,NA,2017
"51011","Appomattox County, Virginia",15462,NA,2017
"51043","Clarke County, Virginia",14331,NA,2017
"51067","Franklin County, Virginia",56277,NA,2017
"51097","King and Queen County, Virginia",7052,NA,2017
"51117","Mecklenburg County, Virginia",30959,NA,2017
"51121","Montgomery County, Virginia",97692,NA,2017
"51127","New Kent County, Virginia",20523,NA,2017
"51015","Augusta County, Virginia",74390,NA,2017
"51049","Cumberland County, Virginia",9797,NA,2017
"51051","Dickenson County, Virginia",15181,NA,2017
"51075","Goochland County, Virginia",22148,NA,2017
"51083","Halifax County, Virginia",35030,NA,2017
"51107","Loudoun County, Virginia",374558,NA,2017
"51113","Madison County, Virginia",13108,NA,2017
"51153","Prince William County, Virginia",450763,NA,2017
"51161","Roanoke County, Virginia",93419,NA,2017
"51175","Southampton County, Virginia",18089,NA,2017
"51091","Highland County, Virginia",2213,NA,2017
"51025","Brunswick County, Virginia",16435,NA,2017
"51033","Caroline County, Virginia",29889,NA,2017
"51073","Gloucester County, Virginia",37035,NA,2017
"51131","Northampton County, Virginia",11998,NA,2017
"51141","Patrick County, Virginia",17958,NA,2017
"51145","Powhatan County, Virginia",28364,NA,2017
"51163","Rockbridge County, Virginia",22440,NA,2017
"51171","Shenandoah County, Virginia",42854,NA,2017
"51061","Fauquier County, Virginia",68406,NA,2017
"51720","Norton city, Virginia",4043,NA,2017
"51790","Staunton city, Virginia",24273,NA,2017
"51065","Fluvanna County, Virginia",26109,NA,2017
"51007","Amelia County, Virginia",12802,NA,2017
"51750","Radford city, Virginia",17380,NA,2017
"51840","Winchester city, Virginia",27516,NA,2017
"51001","Accomack County, Virginia",32840,NA,2017
"51045","Craig County, Virginia",5131,NA,2017
"51063","Floyd County, Virginia",15594,NA,2017
"51071","Giles County, Virginia",16867,NA,2017
"51077","Grayson County, Virginia",15708,NA,2017
"51135","Nottoway County, Virginia",15537,NA,2017
"51157","Rappahannock County, Virginia",7359,NA,2017
"51036","Charles City County, Virginia",7022,NA,2017
"51047","Culpeper County, Virginia",49795,NA,2017
"51053","Dinwiddie County, Virginia",28033,NA,2017
"51079","Greene County, Virginia",19213,NA,2017
"51085","Hanover County, Virginia",103218,NA,2017
"51111","Lunenburg County, Virginia",12369,NA,2017
"51137","Orange County, Virginia",35265,NA,2017
"51595","Emporia city, Virginia",5495,NA,2017
"51197","Wythe County, Virginia",29048,NA,2017
"51550","Chesapeake city, Virginia",235410,NA,2017
"51570","Colonial Heights city, Virginia",17582,NA,2017
"51660","Harrisonburg city, Virginia",53064,NA,2017
"51003","Albemarle County, Virginia",105105,NA,2017
"51021","Bland County, Virginia",6524,NA,2017
"51019","Bedford County, Virginia",77319,NA,2017
"51023","Botetourt County, Virginia",33149,NA,2017
"51029","Buckingham County, Virginia",17048,NA,2017
"51195","Wise County, Virginia",39539,NA,2017
"51520","Bristol city, Virginia",17077,NA,2017
"51580","Covington city, Virginia",5675,NA,2017
"51740","Portsmouth city, Virginia",95536,NA,2017
"51830","Williamsburg city, Virginia",14817,NA,2017
"51810","Virginia Beach city, Virginia",450057,NA,2017
"51005","Alleghany County, Virginia",15489,NA,2017
"51035","Carroll County, Virginia",29767,NA,2017
"51640","Galax city, Virginia",6788,NA,2017
"51191","Washington County, Virginia",54457,NA,2017
"51193","Westmoreland County, Virginia",17596,NA,2017
"51133","Northumberland County, Virginia",12254,NA,2017
"51139","Page County, Virginia",23694,NA,2017
"51155","Pulaski County, Virginia",34330,NA,2017
"51187","Warren County, Virginia",38991,NA,2017
"51510","Alexandria city, Virginia",154710,NA,2017
"51590","Danville city, Virginia",41911,NA,2017
"51630","Fredericksburg city, Virginia",28135,NA,2017
"51650","Hampton city, Virginia",136255,NA,2017
"51009","Amherst County, Virginia",31819,NA,2017
"51013","Arlington County, Virginia",229534,NA,2017
"51017","Bath County, Virginia",4458,NA,2017
"51670","Hopewell city, Virginia",22353,NA,2017
"51027","Buchanan County, Virginia",22611,NA,2017
"51700","Newport News city, Virginia",180775,NA,2017
"51069","Frederick County, Virginia",83784,NA,2017
"51179","Stafford County, Virginia",141159,NA,2017
"51680","Lynchburg city, Virginia",79237,NA,2017
"51199","York County, Virginia",67196,NA,2017
"51760","Richmond city, Virginia",220892,NA,2017
"51690","Martinsville city, Virginia",13256,NA,2017
"51125","Nelson County, Virginia",14863,NA,2017
"51057","Essex County, Virginia",11083,NA,2017
"51143","Pittsylvania County, Virginia",61970,NA,2017
"51185","Tazewell County, Virginia",42689,NA,2017
"51530","Buena Vista city, Virginia",6495,NA,2017
"51610","Falls Church city, Virginia",13843,NA,2017
"51685","Manassas Park city, Virginia",16117,NA,2017
"51730","Petersburg city, Virginia",32037,NA,2017
"51735","Poquoson city, Virginia",12022,NA,2017
"51183","Sussex County, Virginia",11595,NA,2017
"51600","Fairfax city, Virginia",23580,NA,2017
"51820","Waynesboro city, Virginia",21620,NA,2017
"51683","Manassas city, Virginia",41379,NA,2017
"51770","Roanoke city, Virginia",99572,NA,2017
"51775","Salem city, Virginia",25521,NA,2017
"51800","Suffolk city, Virginia",88057,NA,2017
"51710","Norfolk city, Virginia",245752,NA,2017
"51037","Charlotte County, Virginia",12176,NA,2017
"51041","Chesterfield County, Virginia",335594,NA,2017
"51059","Fairfax County, Virginia",1142004,NA,2017
"51081","Greensville County, Virginia",11606,NA,2017
"51095","James City County, Virginia",74153,NA,2018
"51167","Russell County, Virginia",27408,NA,2018
"51173","Smyth County, Virginia",31059,NA,2018
"51540","Charlottesville city, Virginia",47042,NA,2018
"51031","Campbell County, Virginia",55170,NA,2018
"51087","Henrico County, Virginia",325642,NA,2018
"51099","King George County, Virginia",25890,NA,2018
"51103","Lancaster County, Virginia",10804,NA,2018
"51105","Lee County, Virginia",24134,NA,2018
"51115","Mathews County, Virginia",8796,NA,2018
"51119","Middlesex County, Virginia",10700,NA,2018
"51149","Prince George County, Virginia",37894,NA,2018
"51159","Richmond County, Virginia",8878,NA,2018
"51169","Scott County, Virginia",22009,NA,2018
"51177","Spotsylvania County, Virginia",131412,NA,2018
"51011","Appomattox County, Virginia",15577,NA,2018
"51067","Franklin County, Virginia",56233,NA,2018
"51097","King and Queen County, Virginia",7052,NA,2018
"51121","Montgomery County, Virginia",97997,NA,2018
"51127","New Kent County, Virginia",21103,NA,2018
"51049","Cumberland County, Virginia",9786,NA,2018
"51051","Dickenson County, Virginia",14960,NA,2018
"51083","Halifax County, Virginia",34779,NA,2018
"51107","Loudoun County, Virginia",385143,NA,2018
"51153","Prince William County, Virginia",456749,NA,2018
"51175","Southampton County, Virginia",17939,NA,2018
"51091","Highland County, Virginia",2214,NA,2018
"51033","Caroline County, Virginia",30184,NA,2018
"51073","Gloucester County, Virginia",37161,NA,2018
"51141","Patrick County, Virginia",17859,NA,2018
"51145","Powhatan County, Virginia",28574,NA,2018
"51171","Shenandoah County, Virginia",43045,NA,2018
"51061","Fauquier County, Virginia",69115,NA,2018
"51790","Staunton city, Virginia",24452,NA,2018
"51065","Fluvanna County, Virginia",26282,NA,2018
"51007","Amelia County, Virginia",12854,NA,2018
"51750","Radford city, Virginia",17630,NA,2018
"51840","Winchester city, Virginia",27789,NA,2018
"51001","Accomack County, Virginia",32742,NA,2018
"51045","Craig County, Virginia",5113,NA,2018
"51063","Floyd County, Virginia",15666,NA,2018
"51071","Giles County, Virginia",16814,NA,2018
"51077","Grayson County, Virginia",15811,NA,2018
"51135","Nottoway County, Virginia",15500,NA,2018
"51157","Rappahannock County, Virginia",7332,NA,2018
"51036","Charles City County, Virginia",6995,NA,2018
"51047","Culpeper County, Virginia",50450,NA,2018
"51053","Dinwiddie County, Virginia",28308,NA,2018
"51079","Greene County, Virginia",19410,NA,2018
"51085","Hanover County, Virginia",104449,NA,2018
"51111","Lunenburg County, Virginia",12278,NA,2018
"51137","Orange County, Virginia",35612,NA,2018
"51595","Emporia city, Virginia",5381,NA,2018
"51197","Wythe County, Virginia",28940,NA,2018
"51550","Chesapeake city, Virginia",237820,NA,2018
"51660","Harrisonburg city, Virginia",53391,NA,2018
"51003","Albemarle County, Virginia",106355,NA,2018
"51019","Bedford County, Virginia",77908,NA,2018
"51029","Buckingham County, Virginia",17004,NA,2018
"51195","Wise County, Virginia",39025,NA,2018
"51580","Covington city, Virginia",5582,NA,2018
"51740","Portsmouth city, Virginia",95311,NA,2018
"51810","Virginia Beach city, Virginia",450135,NA,2018
"51005","Alleghany County, Virginia",15286,NA,2018
"51640","Galax city, Virginia",6638,NA,2018
"51193","Westmoreland County, Virginia",17638,NA,2018
"51133","Northumberland County, Virginia",12223,NA,2018
"51155","Pulaski County, Virginia",34234,NA,2018
"51187","Warren County, Virginia",39449,NA,2018
"51590","Danville city, Virginia",41512,NA,2018
"51630","Fredericksburg city, Virginia",28469,NA,2018
"51009","Amherst County, Virginia",31882,NA,2018
"51017","Bath County, Virginia",4393,NA,2018
"51670","Hopewell city, Virginia",22408,NA,2018
"51700","Newport News city, Virginia",180145,NA,2018
"51069","Frederick County, Virginia",85153,NA,2018
"51680","Lynchburg city, Virginia",80131,NA,2018
"51199","York County, Virginia",67587,NA,2018
"51690","Martinsville city, Virginia",13101,NA,2018
"51125","Nelson County, Virginia",14812,NA,2018
"51143","Pittsylvania County, Virginia",61676,NA,2018
"51530","Buena Vista city, Virginia",6399,NA,2018
"51610","Falls Church city, Virginia",14067,NA,2018
"51730","Petersburg city, Virginia",31827,NA,2018
"51735","Poquoson city, Virginia",12039,NA,2018
"51600","Fairfax city, Virginia",23865,NA,2018
"51820","Waynesboro city, Virginia",21926,NA,2018
"51770","Roanoke city, Virginia",99621,NA,2018
"51800","Suffolk city, Virginia",89160,NA,2018
"51710","Norfolk city, Virginia",245592,NA,2018
"51041","Chesterfield County, Virginia",339447,NA,2018
"51059","Fairfax County, Virginia",1143529,NA,2018
"51093","Isle of Wight County, Virginia",36372,NA,2018
"51620","Franklin city, Virginia",8211,NA,2018
"51678","Lexington city, Virginia",7110,NA,2018
"51089","Henry County, Virginia",51588,NA,2018
"51101","King William County, Virginia",16497,NA,2018
"51109","Louisa County, Virginia",35380,NA,2018
"51147","Prince Edward County, Virginia",22956,NA,2018
"51165","Rockingham County, Virginia",79444,NA,2018
"51181","Surry County, Virginia",6600,NA,2018
"51043","Clarke County, Virginia",14365,NA,2018
"51117","Mecklenburg County, Virginia",30847,NA,2018
"51015","Augusta County, Virginia",74701,NA,2018
"51075","Goochland County, Virginia",22482,NA,2018
"51113","Madison County, Virginia",13139,NA,2018
"51161","Roanoke County, Virginia",93583,NA,2018
"51025","Brunswick County, Virginia",16665,NA,2018
"51131","Northampton County, Virginia",11957,NA,2018
"51163","Rockbridge County, Virginia",22509,NA,2018
"51720","Norton city, Virginia",3990,NA,2018
"51570","Colonial Heights city, Virginia",17593,NA,2018
"51021","Bland County, Virginia",6447,NA,2018
"51023","Botetourt County, Virginia",33222,NA,2018
"51520","Bristol city, Virginia",16843,NA,2018
"51830","Williamsburg city, Virginia",14788,NA,2018
"51035","Carroll County, Virginia",29738,NA,2018
"51191","Washington County, Virginia",54406,NA,2018
"51139","Page County, Virginia",23749,NA,2018
"51510","Alexandria city, Virginia",156505,NA,2018
"51650","Hampton city, Virginia",135583,NA,2018
"51013","Arlington County, Virginia",231803,NA,2018
"51027","Buchanan County, Virginia",22138,NA,2018
"51179","Stafford County, Virginia",144012,NA,2018
"51760","Richmond city, Virginia",223787,NA,2018
"51057","Essex County, Virginia",11036,NA,2018
"51185","Tazewell County, Virginia",42080,NA,2018
"51685","Manassas Park city, Virginia",16423,NA,2018
"51183","Sussex County, Virginia",11486,NA,2018
"51683","Manassas city, Virginia",41457,NA,2018
"51775","Salem city, Virginia",25519,NA,2018
"51037","Charlotte County, Virginia",12095,NA,2018
"51081","Greensville County, Virginia",11659,NA,2018
"51181","Surry County, Virginia",6523,NA,2019
"51043","Clarke County, Virginia",14423,NA,2019
"51117","Mecklenburg County, Virginia",30728,NA,2019
"51015","Augusta County, Virginia",75079,NA,2019
"51075","Goochland County, Virginia",22865,NA,2019
"51113","Madison County, Virginia",13170,NA,2019
"51161","Roanoke County, Virginia",93823,NA,2019
"51025","Brunswick County, Virginia",16520,NA,2019
"51131","Northampton County, Virginia",11885,NA,2019
"51163","Rockbridge County, Virginia",22570,NA,2019
"51720","Norton city, Virginia",3970,NA,2019
"51570","Colonial Heights city, Virginia",17428,NA,2019
"51021","Bland County, Virginia",6388,NA,2019
"51023","Botetourt County, Virginia",33343,NA,2019
"51520","Bristol city, Virginia",16912,NA,2019
"51830","Williamsburg city, Virginia",14927,NA,2019
"51035","Carroll County, Virginia",29801,NA,2019
"51191","Washington County, Virginia",54071,NA,2019
"51139","Page County, Virginia",23788,NA,2019
"51510","Alexandria city, Virginia",157613,NA,2019
"51650","Hampton city, Virginia",135041,NA,2019
"51013","Arlington County, Virginia",233464,NA,2019
"51027","Buchanan County, Virginia",21788,NA,2019
"51179","Stafford County, Virginia",146773,NA,2019
"51760","Richmond city, Virginia",226622,NA,2019
"51057","Essex County, Virginia",10998,NA,2019
"51185","Tazewell County, Virginia",41603,NA,2019
"51685","Manassas Park city, Virginia",16986,NA,2019
"51183","Sussex County, Virginia",11377,NA,2019
"51683","Manassas city, Virginia",41174,NA,2019
"51775","Salem city, Virginia",25317,NA,2019
"51037","Charlotte County, Virginia",12040,NA,2019
"51081","Greensville County, Virginia",11525,NA,2019
"51093","Isle of Wight County, Virginia",36627,NA,2019
"51620","Franklin city, Virginia",8147,NA,2019
"51678","Lexington city, Virginia",7241,NA,2019
"51089","Henry County, Virginia",51308,NA,2019
"51101","King William County, Virginia",16688,NA,2019
"51109","Louisa County, Virginia",36040,NA,2019
"51147","Prince Edward County, Virginia",22905,NA,2019
"51165","Rockingham County, Virginia",80284,NA,2019
"51095","James City County, Virginia",74916,NA,2019
"51167","Russell County, Virginia",27141,NA,2019
"51173","Smyth County, Virginia",30767,NA,2019
"51540","Charlottesville city, Virginia",47096,NA,2019
"51031","Campbell County, Virginia",55225,NA,2019
"51087","Henrico County, Virginia",327535,NA,2019
"51099","King George County, Virginia",26229,NA,2019
"51103","Lancaster County, Virginia",10724,NA,2019
"51105","Lee County, Virginia",23948,NA,2019
"51115","Mathews County, Virginia",8788,NA,2019
"51119","Middlesex County, Virginia",10675,NA,2019
"51149","Prince George County, Virginia",38114,NA,2019
"51159","Richmond County, Virginia",8884,NA,2019
"51169","Scott County, Virginia",21902,NA,2019
"51177","Spotsylvania County, Virginia",132833,NA,2019
"51011","Appomattox County, Virginia",15707,NA,2019
"51067","Franklin County, Virginia",56187,NA,2019
"51097","King and Queen County, Virginia",7042,NA,2019
"51121","Montgomery County, Virginia",98140,NA,2019
"51127","New Kent County, Virginia",21686,NA,2019
"51049","Cumberland County, Virginia",9824,NA,2019
"51051","Dickenson County, Virginia",14756,NA,2019
"51083","Halifax County, Virginia",34552,NA,2019
"51107","Loudoun County, Virginia",395134,NA,2019
"51153","Prince William County, Virginia",461423,NA,2019
"51175","Southampton County, Virginia",17880,NA,2019
"51091","Highland County, Virginia",2204,NA,2019
"51033","Caroline County, Virginia",30381,NA,2019
"51073","Gloucester County, Virginia",37222,NA,2019
"51141","Patrick County, Virginia",17748,NA,2019
"51145","Powhatan County, Virginia",28815,NA,2019
"51171","Shenandoah County, Virginia",43224,NA,2019
"51061","Fauquier County, Virginia",69728,NA,2019
"51790","Staunton city, Virginia",24432,NA,2019
"51065","Fluvanna County, Virginia",26594,NA,2019
"51750","Radford city, Virginia",17691,NA,2019
"51840","Winchester city, Virginia",27897,NA,2019
"51001","Accomack County, Virginia",32673,NA,2019
"51045","Craig County, Virginia",5110,NA,2019
"51063","Floyd County, Virginia",15704,NA,2019
"51071","Giles County, Virginia",16772,NA,2019
"51077","Grayson County, Virginia",15742,NA,2019
"51135","Nottoway County, Virginia",15433,NA,2019
"51157","Rappahannock County, Virginia",7378,NA,2019
"51036","Charles City County, Virginia",7014,NA,2019
"51047","Culpeper County, Virginia",51101,NA,2019
"51053","Dinwiddie County, Virginia",28485,NA,2019
"51079","Greene County, Virginia",19519,NA,2019
"51085","Hanover County, Virginia",105537,NA,2019
"51111","Lunenburg County, Virginia",12282,NA,2019
"51137","Orange County, Virginia",36010,NA,2019
"51595","Emporia city, Virginia",5442,NA,2019
"51197","Wythe County, Virginia",28844,NA,2019
"51550","Chesapeake city, Virginia",239982,NA,2019
"51660","Harrisonburg city, Virginia",53273,NA,2019
"51003","Albemarle County, Virginia",107405,NA,2019
"51019","Bedford County, Virginia",78376,NA,2019
"51029","Buckingham County, Virginia",17059,NA,2019
"51195","Wise County, Virginia",38486,NA,2019
"51580","Covington city, Virginia",5598,NA,2019
"51740","Portsmouth city, Virginia",95097,NA,2019
"51810","Virginia Beach city, Virginia",450201,NA,2019
"51005","Alleghany County, Virginia",15157,NA,2019
"51640","Galax city, Virginia",6517,NA,2019
"51193","Westmoreland County, Virginia",17751,NA,2019
"51133","Northumberland County, Virginia",12190,NA,2019
"51155","Pulaski County, Virginia",34182,NA,2019
"51187","Warren County, Virginia",39492,NA,2019
"51590","Danville city, Virginia",41070,NA,2019
"51630","Fredericksburg city, Virginia",28622,NA,2019
"51009","Amherst County, Virginia",31775,NA,2019
"51017","Bath County, Virginia",4307,NA,2019
"51670","Hopewell city, Virginia",22456,NA,2019
"51700","Newport News city, Virginia",179673,NA,2019
"51069","Frederick County, Virginia",86415,NA,2019
"51680","Lynchburg city, Virginia",80569,NA,2019
"51199","York County, Virginia",67982,NA,2019
"51690","Martinsville city, Virginia",12852,NA,2019
"51125","Nelson County, Virginia",14831,NA,2019
"51143","Pittsylvania County, Virginia",61256,NA,2019
"51530","Buena Vista city, Virginia",6484,NA,2019
"51610","Falls Church city, Virginia",14128,NA,2019
"51730","Petersburg city, Virginia",31362,NA,2019
"51735","Poquoson city, Virginia",12090,NA,2019
"51600","Fairfax city, Virginia",23531,NA,2019
"51820","Waynesboro city, Virginia",22140,NA,2019
"51770","Roanoke city, Virginia",99229,NA,2019
"51800","Suffolk city, Virginia",90093,NA,2019
"51710","Norfolk city, Virginia",244601,NA,2019
"51007","Amelia County, Virginia",12953,NA,2019
"51041","Chesterfield County, Virginia",343551,NA,2019
"51059","Fairfax County, Virginia",1145862,NA,2019
"51001","Accomack County, Virginia",32560,NA,2020
"51005","Alleghany County, Virginia",15030,NA,2020
"51007","Amelia County, Virginia",12970,NA,2020
"51011","Appomattox County, Virginia",15814,NA,2020
"51013","Arlington County, Virginia",236434,NA,2020
"51017","Bath County, Virginia",4248,NA,2020
"51019","Bedford County, Virginia",78965,NA,2020
"51023","Botetourt County, Virginia",33440,NA,2020
"51025","Brunswick County, Virginia",16336,NA,2020
"51029","Buckingham County, Virginia",17087,NA,2020
"51031","Campbell County, Virginia",55406,NA,2020
"51035","Carroll County, Virginia",29911,NA,2020
"51036","Charles City County, Virginia",6965,NA,2020
"51037","Charlotte County, Virginia",11953,NA,2020
"51043","Clarke County, Virginia",14498,NA,2020
"51045","Craig County, Virginia",5103,NA,2020
"51049","Cumberland County, Virginia",9869,NA,2020
"51051","Dickenson County, Virginia",14524,NA,2020
"51057","Essex County, Virginia",10960,NA,2020
"51059","Fairfax County, Virginia",1149439,NA,2020
"51063","Floyd County, Virginia",15766,NA,2020
"51065","Fluvanna County, Virginia",26873,NA,2020
"51069","Frederick County, Virginia",88054,NA,2020
"51071","Giles County, Virginia",16760,NA,2020
"51075","Goochland County, Virginia",23472,NA,2020
"51077","Grayson County, Virginia",15651,NA,2020
"51081","Greensville County, Virginia",11403,NA,2020
"51083","Halifax County, Virginia",34295,NA,2020
"51087","Henrico County, Virginia",330076,NA,2020
"51089","Henry County, Virginia",51032,NA,2020
"51093","Isle of Wight County, Virginia",37107,NA,2020
"51095","James City County, Virginia",76032,NA,2020
"51097","King and Queen County, Virginia",7011,NA,2020
"51099","King George County, Virginia",26679,NA,2020
"51101","King William County, Virginia",16985,NA,2020
"51103","Lancaster County, Virginia",10686,NA,2020
"51105","Lee County, Virginia",23723,NA,2020
"51107","Loudoun County, Virginia",405312,NA,2020
"51109","Louisa County, Virginia",36654,NA,2020
"51111","Lunenburg County, Virginia",12294,NA,2020
"51113","Madison County, Virginia",13208,NA,2020
"51115","Mathews County, Virginia",8760,NA,2020
"51117","Mecklenburg County, Virginia",30726,NA,2020
"51119","Middlesex County, Virginia",10642,NA,2020
"51121","Montgomery County, Virginia",98495,NA,2020
"51125","Nelson County, Virginia",14812,NA,2020
"51127","New Kent County, Virginia",22310,NA,2020
"51131","Northampton County, Virginia",11826,NA,2020
"51133","Northumberland County, Virginia",12151,NA,2020
"51135","Nottoway County, Virginia",15338,NA,2020
"51137","Orange County, Virginia",36501,NA,2020
"51139","Page County, Virginia",23862,NA,2020
"51141","Patrick County, Virginia",17660,NA,2020
"51145","Powhatan County, Virginia",29253,NA,2020
"51147","Prince Edward County, Virginia",22892,NA,2020
"51149","Prince George County, Virginia",38292,NA,2020
"51155","Pulaski County, Virginia",34113,NA,2020
"51157","Rappahannock County, Virginia",7360,NA,2020
"51161","Roanoke County, Virginia",94103,NA,2020
"51163","Rockbridge County, Virginia",22728,NA,2020
"51167","Russell County, Virginia",26937,NA,2020
"51169","Scott County, Virginia",21761,NA,2020
"51173","Smyth County, Virginia",30539,NA,2020
"51175","Southampton County, Virginia",17829,NA,2020
"51179","Stafford County, Virginia",150185,NA,2020
"51181","Surry County, Virginia",6459,NA,2020
"51185","Tazewell County, Virginia",41201,NA,2020
"51187","Warren County, Virginia",39888,NA,2020
"51193","Westmoreland County, Virginia",17873,NA,2020
"51195","Wise County, Virginia",38032,NA,2020
"51199","York County, Virginia",68389,NA,2020
"51510","Alexandria city, Virginia",158309,NA,2020
"51530","Buena Vista city, Virginia",6477,NA,2020
"51540","Charlottesville city, Virginia",47217,NA,2020
"51570","Colonial Heights city, Virginia",17283,NA,2020
"51580","Covington city, Virginia",5653,NA,2020
"51590","Danville city, Virginia",40668,NA,2020
"51600","Fairfax city, Virginia",23312,NA,2020
"51610","Falls Church city, Virginia",14309,NA,2020
"51630","Fredericksburg city, Virginia",29059,NA,2020
"51640","Galax city, Virginia",6402,NA,2020
"51660","Harrisonburg city, Virginia",53558,NA,2020
"51670","Hopewell city, Virginia",22500,NA,2020
"51680","Lynchburg city, Virginia",80970,NA,2020
"51683","Manassas city, Virginia",41038,NA,2020
"51690","Martinsville city, Virginia",12646,NA,2020
"51700","Newport News city, Virginia",179582,NA,2020
"51720","Norton city, Virginia",3969,NA,2020
"51730","Petersburg city, Virginia",30791,NA,2020
"51740","Portsmouth city, Virginia",94961,NA,2020
"51750","Radford city, Virginia",17833,NA,2020
"51770","Roanoke city, Virginia",99122,NA,2020
"51775","Salem city, Virginia",25290,NA,2020
"51790","Staunton city, Virginia",24660,NA,2020
"51800","Suffolk city, Virginia",91383,NA,2020
"51810","Virginia Beach city, Virginia",450882,NA,2020
"51820","Waynesboro city, Virginia",22300,NA,2020
"51830","Williamsburg city, Virginia",15034,NA,2020
"51840","Winchester city, Virginia",27912,NA,2020
"51003","Albemarle County, Virginia",108819,NA,2020
"51009","Amherst County, Virginia",31782,NA,2020
"51015","Augusta County, Virginia",75754,NA,2020
"51021","Bland County, Virginia",6334,NA,2020
"51027","Buchanan County, Virginia",21374,NA,2020
"51033","Caroline County, Virginia",30581,NA,2020
"51041","Chesterfield County, Virginia",348500,NA,2020
"51047","Culpeper County, Virginia",51935,NA,2020
"51053","Dinwiddie County, Virginia",28686,NA,2020
"51061","Fauquier County, Virginia",70353,NA,2020
"51067","Franklin County, Virginia",56231,NA,2020
"51073","Gloucester County, Virginia",37362,NA,2020
"51079","Greene County, Virginia",19734,NA,2020
"51085","Hanover County, Virginia",106538,NA,2020
"51091","Highland County, Virginia",2202,NA,2020
"51143","Pittsylvania County, Virginia",60867,NA,2020
"51153","Prince William County, Virginia",466834,NA,2020
"51159","Richmond County, Virginia",8951,NA,2020
"51165","Rockingham County, Virginia",81138,NA,2020
"51171","Shenandoah County, Virginia",43441,NA,2020
"51177","Spotsylvania County, Virginia",134683,NA,2020
"51183","Sussex County, Virginia",11202,NA,2020
"51191","Washington County, Virginia",54005,NA,2020
"51197","Wythe County, Virginia",28725,NA,2020
"51520","Bristol city, Virginia",17059,NA,2020
"51550","Chesapeake city, Virginia",242647,NA,2020
"51595","Emporia city, Virginia",5408,NA,2020
"51620","Franklin city, Virginia",8015,NA,2020
"51650","Hampton city, Virginia",135169,NA,2020
"51678","Lexington city, Virginia",7205,NA,2020
"51685","Manassas Park city, Virginia",17548,NA,2020
"51710","Norfolk city, Virginia",244300,NA,2020
"51735","Poquoson city, Virginia",12121,NA,2020
"51760","Richmond city, Virginia",229233,NA,2020
"51001","Accomack County, Virginia",33388,NA,2021
"51003","Albemarle County, Virginia",111438,NA,2021
"51005","Alleghany County, Virginia",15266,NA,2021
"51007","Amelia County, Virginia",13220,NA,2021
"51009","Amherst County, Virginia",31381,NA,2021
"51011","Appomattox County, Virginia",16039,NA,2021
"51013","Arlington County, Virginia",235764,NA,2021
"51015","Augusta County, Virginia",76948,NA,2021
"51017","Bath County, Virginia",4243,NA,2021
"51019","Bedford County, Virginia",79183,NA,2021
"51021","Bland County, Virginia",6278,NA,2021
"51023","Botetourt County, Virginia",33542,NA,2021
"51025","Brunswick County, Virginia",16044,NA,2021
"51027","Buchanan County, Virginia",20615,NA,2021
"51029","Buckingham County, Virginia",16832,NA,2021
"51031","Campbell County, Virginia",55656,NA,2021
"51033","Caroline County, Virginia",30861,NA,2021
"51035","Carroll County, Virginia",29123,NA,2021
"51036","Charles City County, Virginia",6817,NA,2021
"51037","Charlotte County, Virginia",11605,NA,2021
"51041","Chesterfield County, Virginia",359798,NA,2021
"51043","Clarke County, Virginia",14726,NA,2021
"51045","Craig County, Virginia",4914,NA,2021
"51047","Culpeper County, Virginia",52021,NA,2021
"51049","Cumberland County, Virginia",9669,NA,2021
"51051","Dickenson County, Virginia",14256,NA,2021
"51053","Dinwiddie County, Virginia",28040,NA,2021
"51057","Essex County, Virginia",10621,NA,2021
"51059","Fairfax County, Virginia",1146825,NA,2021
"51061","Fauquier County, Virginia",72416,NA,2021
"51063","Floyd County, Virginia",15536,NA,2021
"51065","Fluvanna County, Virginia",27078,NA,2021
"51067","Franklin County, Virginia",54829,NA,2021
"51069","Frederick County, Virginia",90287,NA,2021
"51071","Giles County, Virginia",16764,NA,2021
"51073","Gloucester County, Virginia",38586,NA,2021
"51075","Goochland County, Virginia",24300,NA,2021
"51077","Grayson County, Virginia",15418,NA,2021
"51079","Greene County, Virginia",20374,NA,2021
"51081","Greensville County, Virginia",11465,NA,2021
"51083","Halifax County, Virginia",34228,NA,2021
"51085","Hanover County, Virginia",109232,NA,2021
"51087","Henrico County, Virginia",331924,NA,2021
"51089","Henry County, Virginia",51077,NA,2021
"51091","Highland County, Virginia",2229,NA,2021
"51093","Isle of Wight County, Virginia",38301,NA,2021
"51095","James City County, Virginia",77733,NA,2021
"51097","King and Queen County, Virginia",6690,NA,2021
"51099","King George County, Virginia",26597,NA,2021
"51101","King William County, Virginia",17511,NA,2021
"51103","Lancaster County, Virginia",10916,NA,2021
"51105","Lee County, Virginia",22482,NA,2021
"51107","Loudoun County, Virginia",413574,NA,2021
"51109","Louisa County, Virginia",37136,NA,2021
"51111","Lunenburg County, Virginia",11982,NA,2021
"51113","Madison County, Virginia",13731,NA,2021
"51115","Mathews County, Virginia",8548,NA,2021
"51117","Mecklenburg County, Virginia",30347,NA,2021
"51119","Middlesex County, Virginia",10686,NA,2021
"51121","Montgomery County, Virginia",99294,NA,2021
"51125","Nelson County, Virginia",14795,NA,2021
"51127","New Kent County, Virginia",22519,NA,2021
"51131","Northampton County, Virginia",12226,NA,2021
"51133","Northumberland County, Virginia",11965,NA,2021
"51135","Nottoway County, Virginia",15667,NA,2021
"51137","Orange County, Virginia",36001,NA,2021
"51139","Page County, Virginia",23734,NA,2021
"51141","Patrick County, Virginia",17661,NA,2021
"51143","Pittsylvania County, Virginia",60833,NA,2021
"51145","Powhatan County, Virginia",29979,NA,2021
"51147","Prince Edward County, Virginia",21887,NA,2021
"51149","Prince George County, Virginia",42170,NA,2021
"51153","Prince William County, Virginia",477224,NA,2021
"51155","Pulaski County, Virginia",33893,NA,2021
"51157","Rappahannock County, Virginia",7400,NA,2021
"51159","Richmond County, Virginia",8902,NA,2021
"51161","Roanoke County, Virginia",96303,NA,2021
"51163","Rockbridge County, Virginia",22663,NA,2021
"51165","Rockingham County, Virginia",83090,NA,2021
"51167","Russell County, Virginia",25932,NA,2021
"51169","Scott County, Virginia",21576,NA,2021
"51171","Shenandoah County, Virginia",44037,NA,2021
"51173","Smyth County, Virginia",29960,NA,2021
"51175","Southampton County, Virginia",18028,NA,2021
"51177","Spotsylvania County, Virginia",138493,NA,2021
"51179","Stafford County, Virginia",154204,NA,2021
"51181","Surry County, Virginia",6563,NA,2021
"51183","Sussex County, Virginia",10960,NA,2021
"51185","Tazewell County, Virginia",40615,NA,2021
"51187","Warren County, Virginia",40442,NA,2021
"51191","Washington County, Virginia",53997,NA,2021
"51193","Westmoreland County, Virginia",18324,NA,2021
"51195","Wise County, Virginia",36531,NA,2021
"51197","Wythe County, Virginia",28347,NA,2021
"51199","York County, Virginia",69635,NA,2021
"51510","Alexandria city, Virginia",158185,NA,2021
"51520","Bristol city, Virginia",16996,NA,2021
"51530","Buena Vista city, Virginia",6649,NA,2021
"51540","Charlottesville city, Virginia",46597,NA,2021
"51550","Chesapeake city, Virginia",247172,NA,2021
"51570","Colonial Heights city, Virginia",18127,NA,2021
"51580","Covington city, Virginia",5716,NA,2021
"51590","Danville city, Virginia",42556,NA,2021
"51595","Emporia city, Virginia",5761,NA,2021
"51600","Fairfax city, Virginia",23980,NA,2021
"51610","Falls Church city, Virginia",14494,NA,2021
"51620","Franklin city, Virginia",8249,NA,2021
"51630","Fredericksburg city, Virginia",28027,NA,2021
"51640","Galax city, Virginia",6681,NA,2021
"51650","Hampton city, Virginia",136748,NA,2021
"51660","Harrisonburg city, Virginia",52062,NA,2021
"51670","Hopewell city, Virginia",23020,NA,2021
"51678","Lexington city, Virginia",7287,NA,2021
"51680","Lynchburg city, Virginia",78973,NA,2021
"51683","Manassas city, Virginia",42596,NA,2021
"51685","Manassas Park city, Virginia",17081,NA,2021
"51690","Martinsville city, Virginia",13476,NA,2021
"51700","Newport News city, Virginia",185069,NA,2021
"51710","Norfolk city, Virginia",238556,NA,2021
"51720","Norton city, Virginia",3696,NA,2021
"51730","Petersburg city, Virginia",33229,NA,2021
"51735","Poquoson city, Virginia",12382,NA,2021
"51740","Portsmouth city, Virginia",97454,NA,2021
"51750","Radford city, Virginia",16205,NA,2021
"51760","Richmond city, Virginia",225676,NA,2021
"51770","Roanoke city, Virginia",99578,NA,2021
"51775","Salem city, Virginia",25335,NA,2021
"51790","Staunton city, Virginia",25358,NA,2021
"51800","Suffolk city, Virginia",93268,NA,2021
"51810","Virginia Beach city, Virginia",457658,NA,2021
"51820","Waynesboro city, Virginia",22149,NA,2021
"51830","Williamsburg city, Virginia",15299,NA,2021
"51840","Winchester city, Virginia",28194,NA,2021
"51001","Accomack County, Virginia",33367,NA,2022
"51003","Albemarle County, Virginia",112513,NA,2022
"51005","Alleghany County, Virginia",15159,NA,2022
"51007","Amelia County, Virginia",13309,NA,2022
"51009","Amherst County, Virginia",31426,NA,2022
"51011","Appomattox County, Virginia",16253,NA,2022
"51013","Arlington County, Virginia",235845,NA,2022
"51015","Augusta County, Virginia",77433,NA,2022
"51017","Bath County, Virginia",4177,NA,2022
"51019","Bedford County, Virginia",79761,NA,2022
"51021","Bland County, Virginia",6241,NA,2022
"51023","Botetourt County, Virginia",33734,NA,2022
"51025","Brunswick County, Virginia",15965,NA,2022
"51027","Buchanan County, Virginia",20246,NA,2022
"51029","Buckingham County, Virginia",16869,NA,2022
"51031","Campbell County, Virginia",55518,NA,2022
"51033","Caroline County, Virginia",31181,NA,2022
"51035","Carroll County, Virginia",29126,NA,2022
"51036","Charles City County, Virginia",6760,NA,2022
"51037","Charlotte County, Virginia",11563,NA,2022
"51041","Chesterfield County, Virginia",366019,NA,2022
"51043","Clarke County, Virginia",14882,NA,2022
"51045","Craig County, Virginia",4898,NA,2022
"51047","Culpeper County, Virginia",52822,NA,2022
"51049","Cumberland County, Virginia",9697,NA,2022
"51051","Dickenson County, Virginia",14089,NA,2022
"51053","Dinwiddie County, Virginia",28057,NA,2022
"51057","Essex County, Virginia",10602,NA,2022
"51059","Fairfax County, Virginia",1145354,NA,2022
"51061","Fauquier County, Virginia",73290,NA,2022
"51063","Floyd County, Virginia",15532,NA,2022
"51065","Fluvanna County, Virginia",27442,NA,2022
"51067","Franklin County, Virginia",54838,NA,2022
"51069","Frederick County, Virginia",92007,NA,2022
"51071","Giles County, Virginia",16711,NA,2022
"51073","Gloucester County, Virginia",38875,NA,2022
"51075","Goochland County, Virginia",24906,NA,2022
"51077","Grayson County, Virginia",15356,NA,2022
"51079","Greene County, Virginia",20631,NA,2022
"51081","Greensville County, Virginia",11373,NA,2022
"51083","Halifax County, Virginia",34013,NA,2022
"51085","Hanover County, Virginia",110513,NA,2022
"51087","Henrico County, Virginia",333120,NA,2022
"51089","Henry County, Virginia",50760,NA,2022
"51091","Highland County, Virginia",2247,NA,2022
"51093","Isle of Wight County, Virginia",38898,NA,2022
"51095","James City County, Virginia",78818,NA,2022
"51097","King and Queen County, Virginia",6681,NA,2022
"51099","King George County, Virginia",26985,NA,2022
"51101","King William County, Virginia",17845,NA,2022
"51103","Lancaster County, Virginia",10866,NA,2022
"51105","Lee County, Virginia",22287,NA,2022
"51107","Loudoun County, Virginia",420773,NA,2022
"51109","Louisa County, Virginia",38106,NA,2022
"51111","Lunenburg County, Virginia",11988,NA,2022
"51113","Madison County, Virginia",13828,NA,2022
"51115","Mathews County, Virginia",8537,NA,2022
"51117","Mecklenburg County, Virginia",30367,NA,2022
"51119","Middlesex County, Virginia",10738,NA,2022
"51121","Montgomery County, Virginia",99373,NA,2022
"51125","Nelson County, Virginia",14773,NA,2022
"51127","New Kent County, Virginia",23296,NA,2022
"51131","Northampton County, Virginia",12132,NA,2022
"51133","Northumberland County, Virginia",12007,NA,2022
"51135","Nottoway County, Virginia",15638,NA,2022
"51137","Orange County, Virginia",36593,NA,2022
"51139","Page County, Virginia",23753,NA,2022
"51141","Patrick County, Virginia",17660,NA,2022
"51143","Pittsylvania County, Virginia",60541,NA,2022
"51145","Powhatan County, Virginia",30503,NA,2022
"51147","Prince Edward County, Virginia",21922,NA,2022
"51149","Prince George County, Virginia",42634,NA,2022
"51153","Prince William County, Virginia",481114,NA,2022
"51155","Pulaski County, Virginia",33841,NA,2022
"51157","Rappahannock County, Virginia",7422,NA,2022
"51159","Richmond County, Virginia",8968,NA,2022
"51161","Roanoke County, Virginia",96653,NA,2022
"51163","Rockbridge County, Virginia",22673,NA,2022
"51165","Rockingham County, Virginia",83905,NA,2022
"51167","Russell County, Virginia",25763,NA,2022
"51169","Scott County, Virginia",21536,NA,2022
"51171","Shenandoah County, Virginia",44337,NA,2022
"51173","Smyth County, Virginia",29799,NA,2022
"51175","Southampton County, Virginia",18003,NA,2022
"51177","Spotsylvania County, Virginia",141097,NA,2022
"51179","Stafford County, Virginia",157606,NA,2022
"51181","Surry County, Virginia",6546,NA,2022
"51183","Sussex County, Virginia",10866,NA,2022
"51185","Tazewell County, Virginia",40392,NA,2022
"51187","Warren County, Virginia",40800,NA,2022
"51191","Washington County, Virginia",53985,NA,2022
"51193","Westmoreland County, Virginia",18480,NA,2022
"51195","Wise County, Virginia",36105,NA,2022
"51197","Wythe County, Virginia",28275,NA,2022
"51199","York County, Virginia",70238,NA,2022
"51510","Alexandria city, Virginia",157594,NA,2022
"51520","Bristol city, Virginia",17036,NA,2022
"51530","Buena Vista city, Virginia",6639,NA,2022
"51540","Charlottesville city, Virginia",46289,NA,2022
"51550","Chesapeake city, Virginia",249377,NA,2022
"51570","Colonial Heights city, Virginia",18158,NA,2022
"51580","Covington city, Virginia",5722,NA,2022
"51590","Danville city, Virginia",42507,NA,2022
"51595","Emporia city, Virginia",5680,NA,2022
"51600","Fairfax city, Virginia",24242,NA,2022
"51610","Falls Church city, Virginia",14576,NA,2022
"51620","Franklin city, Virginia",8194,NA,2022
"51630","Fredericksburg city, Virginia",28258,NA,2022
"51640","Galax city, Virginia",6687,NA,2022
"51650","Hampton city, Virginia",137217,NA,2022
"51660","Harrisonburg city, Virginia",51784,NA,2022
"51670","Hopewell city, Virginia",23046,NA,2022
"51678","Lexington city, Virginia",7346,NA,2022
"51680","Lynchburg city, Virginia",79166,NA,2022
"51683","Manassas city, Virginia",42620,NA,2022
"51685","Manassas Park city, Virginia",17123,NA,2022
"51690","Martinsville city, Virginia",13539,NA,2022
"51700","Newport News city, Virginia",185118,NA,2022
"51710","Norfolk city, Virginia",236973,NA,2022
"51720","Norton city, Virginia",3668,NA,2022
"51730","Petersburg city, Virginia",33261,NA,2022
"51735","Poquoson city, Virginia",12479,NA,2022
"51740","Portsmouth city, Virginia",97384,NA,2022
"51750","Radford city, Virginia",16379,NA,2022
"51760","Richmond city, Virginia",227171,NA,2022
"51770","Roanoke city, Virginia",99213,NA,2022
"51775","Salem city, Virginia",25372,NA,2022
"51790","Staunton city, Virginia",25581,NA,2022
"51800","Suffolk city, Virginia",94856,NA,2022
"51810","Virginia Beach city, Virginia",457900,NA,2022
"51820","Waynesboro city, Virginia",22341,NA,2022
"51830","Williamsburg city, Virginia",15486,NA,2022
"51840","Winchester city, Virginia",28103,NA,2022
"51001","Accomack County, Virginia",33326,NA,2023
"51003","Albemarle County, Virginia",113683,NA,2023
"51005","Alleghany County, Virginia",14962,NA,2023
"51007","Amelia County, Virginia",13342,NA,2023
"51009","Amherst County, Virginia",31385,NA,2023
"51011","Appomattox County, Virginia",16424,NA,2023
"51013","Arlington County, Virginia",235463,NA,2023
"51015","Augusta County, Virginia",77713,NA,2023
"51017","Bath County, Virginia",4123,NA,2023
"51019","Bedford County, Virginia",80254,NA,2023
"51021","Bland County, Virginia",6211,NA,2023
"51023","Botetourt County, Virginia",33875,NA,2023
"51025","Brunswick County, Virginia",15868,NA,2023
"51027","Buchanan County, Virginia",19857,NA,2023
"51029","Buckingham County, Virginia",16914,NA,2023
"51031","Campbell County, Virginia",55398,NA,2023
"51033","Caroline County, Virginia",31541,NA,2023
"51035","Carroll County, Virginia",29158,NA,2023
"51036","Charles City County, Virginia",6686,NA,2023
"51037","Charlotte County, Virginia",11475,NA,2023
"51041","Chesterfield County, Virginia",371610,NA,2023
"51043","Clarke County, Virginia",15060,NA,2023
"51045","Craig County, Virginia",4881,NA,2023
"51047","Culpeper County, Virginia",53563,NA,2023
"51049","Cumberland County, Virginia",9745,NA,2023
"51051","Dickenson County, Virginia",13920,NA,2023
"51053","Dinwiddie County, Virginia",28083,NA,2023
"51057","Essex County, Virginia",10604,NA,2023
"51059","Fairfax County, Virginia",1144474,NA,2023
"51061","Fauquier County, Virginia",73935,NA,2023
"51063","Floyd County, Virginia",15560,NA,2023
"51065","Fluvanna County, Virginia",27764,NA,2023
"51067","Franklin County, Virginia",54958,NA,2023
"51069","Frederick County, Virginia",93355,NA,2023
"51071","Giles County, Virginia",16610,NA,2023
"51073","Gloucester County, Virginia",39228,NA,2023
"51075","Goochland County, Virginia",25613,NA,2023
"51077","Grayson County, Virginia",15323,NA,2023
"51079","Greene County, Virginia",20850,NA,2023
"51081","Greensville County, Virginia",11304,NA,2023
"51083","Halifax County, Virginia",33811,NA,2023
"51085","Hanover County, Virginia",111652,NA,2023
"51087","Henrico County, Virginia",334434,NA,2023
"51089","Henry County, Virginia",50365,NA,2023
"51091","Highland County, Virginia",2265,NA,2023
"51093","Isle of Wight County, Virginia",39444,NA,2023
"51095","James City County, Virginia",80046,NA,2023
"51097","King and Queen County, Virginia",6676,NA,2023
"51099","King George County, Virginia",27468,NA,2023
"51101","King William County, Virginia",18232,NA,2023
"51103","Lancaster County, Virginia",10876,NA,2023
"51105","Lee County, Virginia",22042,NA,2023
"51107","Loudoun County, Virginia",427082,NA,2023
"51109","Louisa County, Virginia",39012,NA,2023
"51111","Lunenburg County, Virginia",11990,NA,2023
"51113","Madison County, Virginia",13931,NA,2023
"51115","Mathews County, Virginia",8517,NA,2023
"51117","Mecklenburg County, Virginia",30431,NA,2023
"51119","Middlesex County, Virginia",10774,NA,2023
"51121","Montgomery County, Virginia",99159,NA,2023
"51125","Nelson County, Virginia",14777,NA,2023
"51127","New Kent County, Virginia",24139,NA,2023
"51131","Northampton County, Virginia",12115,NA,2023
"51133","Northumberland County, Virginia",12085,NA,2023
"51135","Nottoway County, Virginia",15597,NA,2023
"51137","Orange County, Virginia",37208,NA,2023
"51139","Page County, Virginia",23750,NA,2023
"51141","Patrick County, Virginia",17606,NA,2023
"51143","Pittsylvania County, Virginia",60148,NA,2023
"51145","Powhatan County, Virginia",31074,NA,2023
"51147","Prince Edward County, Virginia",21932,NA,2023
"51149","Prince George County, Virginia",42873,NA,2023
"51153","Prince William County, Virginia",484625,NA,2023
"51155","Pulaski County, Virginia",33771,NA,2023
"51157","Rappahannock County, Virginia",7409,NA,2023
"51159","Richmond County, Virginia",9047,NA,2023
"51161","Roanoke County, Virginia",96793,NA,2023
"51163","Rockbridge County, Virginia",22578,NA,2023
"51165","Rockingham County, Virginia",84739,NA,2023
"51167","Russell County, Virginia",25635,NA,2023
"51169","Scott County, Virginia",21504,NA,2023
"51171","Shenandoah County, Virginia",44630,NA,2023
"51173","Smyth County, Virginia",29585,NA,2023
"51175","Southampton County, Virginia",17988,NA,2023
"51177","Spotsylvania County, Virginia",143876,NA,2023
"51179","Stafford County, Virginia",160520,NA,2023
"51181","Surry County, Virginia",6552,NA,2023
"51183","Sussex County, Virginia",10793,NA,2023
"51185","Tazewell County, Virginia",39933,NA,2023
"51187","Warren County, Virginia",41104,NA,2023
"51191","Washington County, Virginia",53913,NA,2023
"51193","Westmoreland County, Virginia",18683,NA,2023
"51195","Wise County, Virginia",35727,NA,2023
"51197","Wythe County, Virginia",28219,NA,2023
"51199","York County, Virginia",70590,NA,2023
"51510","Alexandria city, Virginia",156788,NA,2023
"51520","Bristol city, Virginia",17024,NA,2023
"51530","Buena Vista city, Virginia",6612,NA,2023
"51540","Charlottesville city, Virginia",45863,NA,2023
"51550","Chesapeake city, Virginia",251153,NA,2023
"51570","Colonial Heights city, Virginia",18210,NA,2023
"51580","Covington city, Virginia",5671,NA,2023
"51590","Danville city, Virginia",42239,NA,2023
"51595","Emporia city, Virginia",5633,NA,2023
"51600","Fairfax city, Virginia",24478,NA,2023
"51610","Falls Church city, Virginia",14593,NA,2023
"51620","Franklin city, Virginia",8212,NA,2023
"51630","Fredericksburg city, Virginia",28383,NA,2023
"51640","Galax city, Virginia",6698,NA,2023
"51650","Hampton city, Virginia",137334,NA,2023
"51660","Harrisonburg city, Virginia",51492,NA,2023
"51670","Hopewell city, Virginia",22944,NA,2023
"51678","Lexington city, Virginia",7420,NA,2023
"51680","Lynchburg city, Virginia",79255,NA,2023
"51683","Manassas city, Virginia",42674,NA,2023
"51685","Manassas Park city, Virginia",16923,NA,2023
"51690","Martinsville city, Virginia",13584,NA,2023
"51700","Newport News city, Virginia",184774,NA,2023
"51710","Norfolk city, Virginia",235037,NA,2023
"51720","Norton city, Virginia",3620,NA,2023
"51730","Petersburg city, Virginia",33365,NA,2023
"51735","Poquoson city, Virginia",12556,NA,2023
"51740","Portsmouth city, Virginia",97299,NA,2023
"51750","Radford city, Virginia",16505,NA,2023
"51760","Richmond city, Virginia",227595,NA,2023
"51770","Roanoke city, Virginia",98677,NA,2023
"51775","Salem city, Virginia",25477,NA,2023
"51790","Staunton city, Virginia",25765,NA,2023
"51800","Suffolk city, Virginia",96638,NA,2023
"51810","Virginia Beach city, Virginia",457066,NA,2023
"51820","Waynesboro city, Virginia",22574,NA,2023
"51830","Williamsburg city, Virginia",15564,NA,2023
"51840","Winchester city, Virginia",27981,NA,2023
